<<<<<<< HEAD,,,,,,,,,,,
RmdName,ExperimentUse,CodeFirstLocation,VariableName,Units,Descriptions,RdsNameOutput,RdsPathOutput,PlotsNameOutput,PlotsPathOutput,TableNameOutput,TablePathOutput
Import_MetaData.Rmd,"Imports meta data for Multicultivator experiments from a google sheet; ""https:\\docs.google.com\spreadsheets\d\1ZXpwR7Gfto-uRzVdXzMpQF4frbrvMLH_IyLqonFZRSw\edit#gid=0""",Import_MetaData.Rmd,Project,NA,Set project name,CultureCatalog.Rds,prochlorococcus_O2\Data\RawData\CultureCatalog.Rds,NA,NA,NA,NA
Import_MetaData.Rmd,"Imports meta data for Multicultivator experiments from a google sheet; ""https:\\docs.google.com\spreadsheets\d\1ZXpwR7Gfto-uRzVdXzMpQF4frbrvMLH_IyLqonFZRSw\edit#gid=0""",Import_MetaData.Rmd,DataOut,NA,Set filepath for generated .Rds,CultureCatalog.Rds,prochlorococcus_O2\Data\RawData\CultureCatalog.Rds,NA,NA,NA,NA
Import_MetaData.Rmd,"Imports meta data for Multicultivator experiments from a google sheet; ""https:\\docs.google.com\spreadsheets\d\1ZXpwR7Gfto-uRzVdXzMpQF4frbrvMLH_IyLqonFZRSw\edit#gid=0""",Import_MetaData.Rmd,ProjectRows,NA,Set SampleID string detect  for filter,CultureCatalog.Rds,prochlorococcus_O2\Data\RawData\CultureCatalog.Rds,NA,NA,NA,NA
Import_MetaData.Rmd,"Imports meta data for Multicultivator experiments from a google sheet; ""https:\\docs.google.com\spreadsheets\d\1ZXpwR7Gfto-uRzVdXzMpQF4frbrvMLH_IyLqonFZRSw\edit#gid=0""",Import_MetaData.Rmd,ProjectCols,NA,Set column names for filter,CultureCatalog.Rds,prochlorococcus_O2\Data\RawData\CultureCatalog.Rds,NA,NA,NA,NA
Import_MetaData.Rmd,"Imports meta data for Multicultivator experiments from a google sheet; ""https:\\docs.google.com\spreadsheets\d\1ZXpwR7Gfto-uRzVdXzMpQF4frbrvMLH_IyLqonFZRSw\edit#gid=0""",Import_MetaData.Rmd,PrimaryOperator,NA,Person who conducted the experiment (taken from MultiCultiCatalog),CultureCatalog.Rds,prochlorococcus_O2\Data\RawData\CultureCatalog.Rds,NA,NA,NA,NA
Import_MetaData.Rmd,"Imports meta data for Multicultivator experiments from a google sheet; ""https:\\docs.google.com\spreadsheets\d\1ZXpwR7Gfto-uRzVdXzMpQF4frbrvMLH_IyLqonFZRSw\edit#gid=0""",Import_MetaData.Rmd,SampleID,NA,Sample ID (taken from MultiCultiCatalog),CultureCatalog.Rds,prochlorococcus_O2\Data\RawData\CultureCatalog.Rds,NA,NA,NA,NA
Import_MetaData.Rmd,"Imports meta data for Multicultivator experiments from a google sheet; ""https:\\docs.google.com\spreadsheets\d\1ZXpwR7Gfto-uRzVdXzMpQF4frbrvMLH_IyLqonFZRSw\edit#gid=0""",Import_MetaData.Rmd,Run,NA,Multicultivator run number (taken from MultiCultiCatalog),CultureCatalog.Rds,prochlorococcus_O2\Data\RawData\CultureCatalog.Rds,NA,NA,NA,NA
Import_MetaData.Rmd,"Imports meta data for Multicultivator experiments from a google sheet; ""https:\\docs.google.com\spreadsheets\d\1ZXpwR7Gfto-uRzVdXzMpQF4frbrvMLH_IyLqonFZRSw\edit#gid=0""",Import_MetaData.Rmd,Strain,NA,Name of tested strain (taken from MultiCultiCatalog),CultureCatalog.Rds,prochlorococcus_O2\Data\RawData\CultureCatalog.Rds,NA,NA,NA,NA
Import_MetaData.Rmd,"Imports meta data for Multicultivator experiments from a google sheet; ""https:\\docs.google.com\spreadsheets\d\1ZXpwR7Gfto-uRzVdXzMpQF4frbrvMLH_IyLqonFZRSw\edit#gid=0""",Import_MetaData.Rmd,ExpCul,NA,The presence of culture (0 or 1) (taken from MultiCultiCatalog),CultureCatalog.Rds,prochlorococcus_O2\Data\RawData\CultureCatalog.Rds,NA,NA,NA,NA
Import_MetaData.Rmd,"Imports meta data for Multicultivator experiments from a google sheet; ""https:\\docs.google.com\spreadsheets\d\1ZXpwR7Gfto-uRzVdXzMpQF4frbrvMLH_IyLqonFZRSw\edit#gid=0""",Import_MetaData.Rmd,ExpDate,ymd,Date experiment started (taken from MultiCultiCatalog),CultureCatalog.Rds,prochlorococcus_O2\Data\RawData\CultureCatalog.Rds,NA,NA,NA,NA
Import_MetaData.Rmd,"Imports meta data for Multicultivator experiments from a google sheet; ""https:\\docs.google.com\spreadsheets\d\1ZXpwR7Gfto-uRzVdXzMpQF4frbrvMLH_IyLqonFZRSw\edit#gid=0""",Import_MetaData.Rmd,ExpStartTime,ymd_hms,Experiment start time (taken from MultiCultiCatalog),CultureCatalog.Rds,prochlorococcus_O2\Data\RawData\CultureCatalog.Rds,NA,NA,NA,NA
Import_MetaData.Rmd,"Imports meta data for Multicultivator experiments from a google sheet; ""https:\\docs.google.com\spreadsheets\d\1ZXpwR7Gfto-uRzVdXzMpQF4frbrvMLH_IyLqonFZRSw\edit#gid=0""",Import_MetaData.Rmd,Par_ue,mol photons m-2 s-1,Set Multicultivator actinic PAR (taken from MultiCultiCatalog),CultureCatalog.Rds,prochlorococcus_O2\Data\RawData\CultureCatalog.Rds,NA,NA,NA,NA
Import_MetaData.Rmd,"Imports meta data for Multicultivator experiments from a google sheet; ""https:\\docs.google.com\spreadsheets\d\1ZXpwR7Gfto-uRzVdXzMpQF4frbrvMLH_IyLqonFZRSw\edit#gid=0""",Import_MetaData.Rmd,Photoperiod,h,Set Multicultivator  photoperiod hours (taken from MultiCultiCatalog),CultureCatalog.Rds,prochlorococcus_O2\Data\RawData\CultureCatalog.Rds,NA,NA,NA,NA
Import_MetaData.Rmd,"Imports meta data for Multicultivator experiments from a google sheet; ""https:\\docs.google.com\spreadsheets\d\1ZXpwR7Gfto-uRzVdXzMpQF4frbrvMLH_IyLqonFZRSw\edit#gid=0""",Import_MetaData.Rmd,Temp_c,C,Set Multicultivator  temperature (taken from MultiCultiCatalog),CultureCatalog.Rds,prochlorococcus_O2\Data\RawData\CultureCatalog.Rds,NA,NA,NA,NA
Import_MetaData.Rmd,"Imports meta data for Multicultivator experiments from a google sheet; ""https:\\docs.google.com\spreadsheets\d\1ZXpwR7Gfto-uRzVdXzMpQF4frbrvMLH_IyLqonFZRSw\edit#gid=0""",Import_MetaData.Rmd,MC,NA,Multicultivator  name (taken from MultiCultiCatalog),CultureCatalog.Rds,prochlorococcus_O2\Data\RawData\CultureCatalog.Rds,NA,NA,NA,NA
Import_MetaData.Rmd,"Imports meta data for Multicultivator experiments from a google sheet; ""https:\\docs.google.com\spreadsheets\d\1ZXpwR7Gfto-uRzVdXzMpQF4frbrvMLH_IyLqonFZRSw\edit#gid=0""",Import_MetaData.Rmd,Tube,NA,Multicultivator tube number 1-8 (taken from MultiCultiCatalog),CultureCatalog.Rds,prochlorococcus_O2\Data\RawData\CultureCatalog.Rds,NA,NA,NA,NA
Import_MetaData.Rmd,"Imports meta data for Multicultivator experiments from a google sheet; ""https:\\docs.google.com\spreadsheets\d\1ZXpwR7Gfto-uRzVdXzMpQF4frbrvMLH_IyLqonFZRSw\edit#gid=0""",Import_MetaData.Rmd,O2,%,"% Oxygen level in gas mixture (21, 2 or 0) (taken from MultiCultiCatalog)",CultureCatalog.Rds,prochlorococcus_O2\Data\RawData\CultureCatalog.Rds,NA,NA,NA,NA
Import_MetaData.Rmd,"Imports meta data for Multicultivator experiments from a google sheet; ""https:\\docs.google.com\spreadsheets\d\1ZXpwR7Gfto-uRzVdXzMpQF4frbrvMLH_IyLqonFZRSw\edit#gid=0""",Import_MetaData.Rmd,O2_Category,NA,"Oxygen category (High, Intermediate or Low) (taken from MultiCultiCatalog)",CultureCatalog.Rds,prochlorococcus_O2\Data\RawData\CultureCatalog.Rds,NA,NA,NA,NA
Import_MetaData.Rmd,"Imports meta data for Multicultivator experiments from a google sheet; ""https:\\docs.google.com\spreadsheets\d\1ZXpwR7Gfto-uRzVdXzMpQF4frbrvMLH_IyLqonFZRSw\edit#gid=0""",Import_MetaData.Rmd,WL,nm,Set Multicultivator spectral waveband  (taken from MultiCultiCatalog),CultureCatalog.Rds,prochlorococcus_O2\Data\RawData\CultureCatalog.Rds,NA,NA,NA,NA
Import_MetaData.Rmd,"Imports meta data for Multicultivator experiments from a google sheet; ""https:\\docs.google.com\spreadsheets\d\1ZXpwR7Gfto-uRzVdXzMpQF4frbrvMLH_IyLqonFZRSw\edit#gid=0""",Import_MetaData.Rmd,LightShape,NA,Set type of Multicultivator photoperiod delivered (sine or square) (taken from MultiCultiCatalog),CultureCatalog.Rds,prochlorococcus_O2\Data\RawData\CultureCatalog.Rds,NA,NA,NA,NA
Import_MetaData.Rmd,"Imports meta data for Multicultivator experiments from a google sheet; ""https:\\docs.google.com\spreadsheets\d\1ZXpwR7Gfto-uRzVdXzMpQF4frbrvMLH_IyLqonFZRSw\edit#gid=0""",Import_MetaData.Rmd,Optode,NA,Is oxygen optode used? (1 or 0),CultureCatalog.Rds,prochlorococcus_O2\Data\RawData\CultureCatalog.Rds,NA,NA,NA,NA
Import_MetaData.Rmd,"Imports meta data for Multicultivator experiments from a google sheet; ""https:\\docs.google.com\spreadsheets\d\1ZXpwR7Gfto-uRzVdXzMpQF4frbrvMLH_IyLqonFZRSw\edit#gid=0""",Import_MetaData.Rmd,OptodeCh,NA,Optode channel (Ch1-Ch4),CultureCatalog.Rds,prochlorococcus_O2\Data\RawData\CultureCatalog.Rds,NA,NA,NA,NA
Import_MetaData.Rmd,"Imports meta data for Multicultivator experiments from a google sheet; ""https:\\docs.google.com\spreadsheets\d\1ZXpwR7Gfto-uRzVdXzMpQF4frbrvMLH_IyLqonFZRSw\edit#gid=0""",Import_MetaData.Rmd,OptodeMeasure,NA,Is oxygen optode used? (1 or 0),CultureCatalog.Rds,prochlorococcus_O2\Data\RawData\CultureCatalog.Rds,NA,NA,NA,NA
Import_MetaData.Rmd,"Imports meta data for Multicultivator experiments from a google sheet; ""https:\\docs.google.com\spreadsheets\d\1ZXpwR7Gfto-uRzVdXzMpQF4frbrvMLH_IyLqonFZRSw\edit#gid=0""",Import_MetaData.Rmd,ExpEndDate,ymd_hms,Date experiment ended (taken from MultiCultiCatalog),CultureCatalog.Rds,prochlorococcus_O2\Data\RawData\CultureCatalog.Rds,NA,NA,NA,NA
Import_MCData.Rmd,Imports and tidies Multicultivator raw data files,Import_MetaData.Rmd,time,h,Duration of time elapsed after start of experiment,"TargetFileName_TargetDataMetaFilter.Rds, Unique for each file imported.",prochlorococcus_O2\Data\ImportedData\ImportedMCData\*_TargetDataMetaFilter.Rds,NA,NA,NA,NA
Import_MCData.Rmd,Imports and tidies Multicultivator raw data files,Import_MetaData.Rmd,Filename,NA,Given filename,"TargetFileName_TargetDataMetaFilter.Rds, Unique for each file imported.",prochlorococcus_O2\Data\ImportedData\ImportedMCData\*_TargetDataMetaFilter.Rds,NA,NA,NA,NA
Import_MCData.Rmd,Imports and tidies Multicultivator raw data files,Import_MetaData.Rmd,TargetFileName,NA,Filename extracted from the .csv filename,"TargetFileName_TargetDataMetaFilter.Rds, Unique for each file imported.",prochlorococcus_O2\Data\ImportedData\ImportedMCData\*_TargetDataMetaFilter.Rds,NA,NA,NA,NA
Import_MCData.Rmd,Imports and tidies Multicultivator raw data files,Import_MetaData.Rmd,Tube,NA,Multicultivator tube number 1-8 (taken from MultiCultiCatalog),"TargetFileName_TargetDataMetaFilter.Rds, Unique for each file imported.",prochlorococcus_O2\Data\ImportedData\ImportedMCData\*_TargetDataMetaFilter.Rds,NA,NA,NA,NA
Import_MCData.Rmd,Imports and tidies Multicultivator raw data files,Import_MetaData.Rmd,ToD,h,Time of day (0-24 h),"TargetFileName_TargetDataMetaFilter.Rds, Unique for each file imported.",prochlorococcus_O2\Data\ImportedData\ImportedMCData\*_TargetDataMetaFilter.Rds,NA,NA,NA,NA
Import_MCData.Rmd,Imports and tidies Multicultivator raw data files,Import_MetaData.Rmd,Day,d,Number of days elapsed after start of experiment,"TargetFileName_TargetDataMetaFilter.Rds, Unique for each file imported.",prochlorococcus_O2\Data\ImportedData\ImportedMCData\*_TargetDataMetaFilter.Rds,NA,NA,NA,NA
Import_MCData.Rmd,Imports and tidies Multicultivator raw data files,Import_MetaData.Rmd,ExpDate,ymd,Date experiment started (taken from MultiCultiCatalog),"TargetFileName_TargetDataMetaFilter.Rds, Unique for each file imported.",prochlorococcus_O2\Data\ImportedData\ImportedMCData\*_TargetDataMetaFilter.Rds,NA,NA,NA,NA
Import_MCData.Rmd,Imports and tidies Multicultivator raw data files,Import_MetaData.Rmd,MC,NA,Multicultivator name (taken from MultiCultiCatalog),"TargetFileName_TargetDataMetaFilter.Rds, Unique for each file imported.",prochlorococcus_O2\Data\ImportedData\ImportedMCData\*_TargetDataMetaFilter.Rds,NA,NA,NA,NA
Import_MCData.Rmd,Imports and tidies Multicultivator raw data files,Import_MetaData.Rmd,Actinic_par,mol photons m-2 s-1,PAR readback level from Multicultivator at a given time,"TargetFileName_TargetDataMetaFilter.Rds, Unique for each file imported.",prochlorococcus_O2\Data\ImportedData\ImportedMCData\*_TargetDataMetaFilter.Rds,NA,NA,NA,NA
Import_MCData.Rmd,Imports and tidies Multicultivator raw data files,Import_MetaData.Rmd,OD680,NA,Optical density measured at 680 nm,"TargetFileName_TargetDataMetaFilter.Rds, Unique for each file imported.",prochlorococcus_O2\Data\ImportedData\ImportedMCData\*_TargetDataMetaFilter.Rds,NA,NA,NA,NA
Import_MCData.Rmd,Imports and tidies Multicultivator raw data files,Import_MetaData.Rmd,OD720,NA,Optical density measured at 720 nm,"TargetFileName_TargetDataMetaFilter.Rds, Unique for each file imported.",prochlorococcus_O2\Data\ImportedData\ImportedMCData\*_TargetDataMetaFilter.Rds,NA,NA,NA,NA
Import_MCData.Rmd,Imports and tidies Multicultivator raw data files,Import_MetaData.Rmd,PrimaryOperator,NA,Person who conducted the experiment,"TargetFileName_TargetDataMetaFilter.Rds, Unique for each file imported.",prochlorococcus_O2\Data\ImportedData\ImportedMCData\*_TargetDataMetaFilter.Rds,NA,NA,NA,NA
Import_MCData.Rmd,Imports and tidies Multicultivator raw data files,Import_MetaData.Rmd,SampleID,NA,Sample ID (taken from MultiCultiCatalog),"TargetFileName_TargetDataMetaFilter.Rds, Unique for each file imported.",prochlorococcus_O2\Data\ImportedData\ImportedMCData\*_TargetDataMetaFilter.Rds,NA,NA,NA,NA
Import_MCData.Rmd,Imports and tidies Multicultivator raw data files,Import_MetaData.Rmd,Run,NA,Multicultivator run number (taken from MultiCultiCatalog),"TargetFileName_TargetDataMetaFilter.Rds, Unique for each file imported.",prochlorococcus_O2\Data\ImportedData\ImportedMCData\*_TargetDataMetaFilter.Rds,NA,NA,NA,NA
Import_MCData.Rmd,Imports and tidies Multicultivator raw data files,Import_MetaData.Rmd,Strain,NA,Name of tested strain (taken from MultiCultiCatalog),"TargetFileName_TargetDataMetaFilter.Rds, Unique for each file imported.",prochlorococcus_O2\Data\ImportedData\ImportedMCData\*_TargetDataMetaFilter.Rds,NA,NA,NA,NA
Import_MCData.Rmd,Imports and tidies Multicultivator raw data files,Import_MetaData.Rmd,ExpCul,NA,The presence of culture (0 or 1),"TargetFileName_TargetDataMetaFilter.Rds, Unique for each file imported.",prochlorococcus_O2\Data\ImportedData\ImportedMCData\*_TargetDataMetaFilter.Rds,NA,NA,NA,NA
Import_MCData.Rmd,Imports and tidies Multicultivator raw data files,Import_MetaData.Rmd,ExpStartTime,ymd_hms,Experiment start time,"TargetFileName_TargetDataMetaFilter.Rds, Unique for each file imported.",prochlorococcus_O2\Data\ImportedData\ImportedMCData\*_TargetDataMetaFilter.Rds,NA,NA,NA,NA
Import_MCData.Rmd,Imports and tidies Multicultivator raw data files,Import_MetaData.Rmd,Par_ue,mol photons m-2 s-1,Set Multicultivator actinic PAR (taken from MultiCultiCatalog),"TargetFileName_TargetDataMetaFilter.Rds, Unique for each file imported.",prochlorococcus_O2\Data\ImportedData\ImportedMCData\*_TargetDataMetaFilter.Rds,NA,NA,NA,NA
Import_MCData.Rmd,Imports and tidies Multicultivator raw data files,Import_MetaData.Rmd,Photoperiod,h,Set Multicultivator  photoperiod hours (taken from MultiCultiCatalog),"TargetFileName_TargetDataMetaFilter.Rds, Unique for each file imported.",prochlorococcus_O2\Data\ImportedData\ImportedMCData\*_TargetDataMetaFilter.Rds,NA,NA,NA,NA
Import_MCData.Rmd,Imports and tidies Multicultivator raw data files,Import_MetaData.Rmd,Temp_c,C,Set Multicultivator  temperature (taken from MultiCultiCatalog),"TargetFileName_TargetDataMetaFilter.Rds, Unique for each file imported.",prochlorococcus_O2\Data\ImportedData\ImportedMCData\*_TargetDataMetaFilter.Rds,NA,NA,NA,NA
Import_MCData.Rmd,Imports and tidies Multicultivator raw data files,Import_MetaData.Rmd,O2,NA,"% Oxygen level in gas mixture (21, 2 or 0) (taken from MultiCultiCatalog)","TargetFileName_TargetDataMetaFilter.Rds, Unique for each file imported.",prochlorococcus_O2\Data\ImportedData\ImportedMCData\*_TargetDataMetaFilter.Rds,NA,NA,NA,NA
Import_MCData.Rmd,Imports and tidies Multicultivator raw data files,Import_MetaData.Rmd,O2_Category,NA,"Oxygen category (High, Intermediate or Low) (taken from MultiCultiCatalog)","TargetFileName_TargetDataMetaFilter.Rds, Unique for each file imported.",prochlorococcus_O2\Data\ImportedData\ImportedMCData\*_TargetDataMetaFilter.Rds,NA,NA,NA,NA
Import_MCData.Rmd,Imports and tidies Multicultivator raw data files,Import_MetaData.Rmd,WL,NA,Set Multicultivator spectral waveband  (taken from MultiCultiCatalog),"TargetFileName_TargetDataMetaFilter.Rds, Unique for each file imported.",prochlorococcus_O2\Data\ImportedData\ImportedMCData\*_TargetDataMetaFilter.Rds,NA,NA,NA,NA
Import_MCData.Rmd,Imports and tidies Multicultivator raw data files,Import_MetaData.Rmd,LightShape,NA,Set type of Multicultivator photoperiod delivered (sine or square) (taken from MultiCultiCatalog),"TargetFileName_TargetDataMetaFilter.Rds, Unique for each file imported.",prochlorococcus_O2\Data\ImportedData\ImportedMCData\*_TargetDataMetaFilter.Rds,NA,NA,NA,NA
Import_MCData.Rmd,Imports and tidies Multicultivator raw data files,Import_MetaData.Rmd,Optode,NA,Is oxygen optode used? (1 or 0),"TargetFileName_TargetDataMetaFilter.Rds, Unique for each file imported.",prochlorococcus_O2\Data\ImportedData\ImportedMCData\*_TargetDataMetaFilter.Rds,NA,NA,NA,NA
Import_MCData.Rmd,Imports and tidies Multicultivator raw data files,Import_MetaData.Rmd,OptodeCh,NA,Optode channel (Ch1-Ch4),"TargetFileName_TargetDataMetaFilter.Rds, Unique for each file imported.",prochlorococcus_O2\Data\ImportedData\ImportedMCData\*_TargetDataMetaFilter.Rds,NA,NA,NA,NA
Import_MCData.Rmd,Imports and tidies Multicultivator raw data files,Import_MetaData.Rmd,OptodeMeasure,NA,Is oxygen optode used? (1 or 0),"TargetFileName_TargetDataMetaFilter.Rds, Unique for each file imported.",prochlorococcus_O2\Data\ImportedData\ImportedMCData\*_TargetDataMetaFilter.Rds,NA,NA,NA,NA
Import_MCData.Rmd,Imports and tidies Multicultivator raw data files,Import_MetaData.Rmd,ExpEndDate,ymd_hms,Date experiment ended (taken from MultiCultiCatalog),"TargetFileName_TargetDataMetaFilter.Rds, Unique for each file imported.",prochlorococcus_O2\Data\ImportedData\ImportedMCData\*_TargetDataMetaFilter.Rds,NA,NA,NA,NA
Import_MCData.Rmd,Imports and tidies Multicultivator raw data files,Import_MetaData.Rmd,ExpEndHour,h,Calculated hours of experiment duration,"TargetFileName_TargetDataMetaFilter.Rds, Unique for each file imported.",prochlorococcus_O2\Data\ImportedData\ImportedMCData\*_TargetDataMetaFilter.Rds,NA,NA,NA,NA
Import_MCData.Rmd,Imports and tidies Multicultivator raw data files,Import_MCData.Rmd,PARPhotonDose_day,mol photons m-2 d-1,Calculated PAR photon dose per day,"TargetFileName_TargetDataMetaFilter.Rds, Unique for each file imported.",prochlorococcus_O2\Data\ImportedData\ImportedMCData\*_TargetDataMetaFilter.Rds,NA,NA,NA,NA
Import_MCData.Rmd,Imports and tidies Multicultivator raw data files,Import_MCData.Rmd,ExpEndHour,ymd_hms,Duration in hours of experiment run time for each tube,"TargetFileName_TargetDataMetaFilter.Rds, Unique for each file imported.",prochlorococcus_O2\Data\ImportedData\ImportedMCData\*_TargetDataMetaFilter.Rds,NA,NA,NA,NA
Import_MCData.Rmd,Imports and tidies Multicultivator raw data files,Import_MCData.Rmd,ActinicMid_parOD720,mol photons m-2 s-1,"Corrected values of Actinic_par accounting for optical density at 720 nm, assumes true 100% transmission through Tube + Media + Waterbath","TargetFileName_TargetDataMetaFilter.Rds, Unique for each file imported.",prochlorococcus_O2\Data\ImportedData\ImportedMCData\*_TargetDataMetaFilter.Rds,NA,NA,NA,NA
Import_MCData.Rmd,Imports and tidies Multicultivator raw data files,Import_MCData.Rmd,ActinicMid_dayOD720,mol photons m-2 s-1,"Corrected daily dose of Actinic_par accounting for optical density at 720 nm, assumes true 100% transmission through Tube + Media + Waterbath","TargetFileName_TargetDataMetaFilter.Rds, Unique for each file imported.",prochlorococcus_O2\Data\ImportedData\ImportedMCData\*_TargetDataMetaFilter.Rds,NA,NA,NA,NA
Import_OlisData.Rmd,Imports OLIS CLARiTY spectrophotometer files,Import_MetaData.Rmd,SampleID,NA,Sample ID (taken from MultiCultiCatalog),PICO_Imported_OlisData.Rds,prochlorococcus_O2\Data\ImportedData\ImportedOlisData\PICO_Imported_OlisData.Rds,NA,NA,NA,NA
Import_OlisData.Rmd,Imports OLIS CLARiTY spectrophotometer files,Import_MetaData.Rmd,Run,NA,Multicultivator run number (taken from MultiCultiCatalog),PICO_Imported_OlisData.Rds,prochlorococcus_O2\Data\ImportedData\ImportedOlisData\PICO_Imported_OlisData.Rds,NA,NA,NA,NA
Import_OlisData.Rmd,Imports OLIS CLARiTY spectrophotometer files,Import_MetaData.Rmd,Strain,NA,Name of tested strain (taken from MultiCultiCatalog),PICO_Imported_OlisData.Rds,prochlorococcus_O2\Data\ImportedData\ImportedOlisData\PICO_Imported_OlisData.Rds,NA,NA,NA,NA
Import_OlisData.Rmd,Imports OLIS CLARiTY spectrophotometer files,Import_MetaData.Rmd,ExpDate,ymd,Date experiment started (taken from MultiCultiCatalog),PICO_Imported_OlisData.Rds,prochlorococcus_O2\Data\ImportedData\ImportedOlisData\PICO_Imported_OlisData.Rds,NA,NA,NA,NA
Import_OlisData.Rmd,Imports OLIS CLARiTY spectrophotometer files,Import_MetaData.Rmd,Par_ue,mol photons m-2 s-1,Set Multicultivator actinic PAR (taken from MultiCultiCatalog),PICO_Imported_OlisData.Rds,prochlorococcus_O2\Data\ImportedData\ImportedOlisData\PICO_Imported_OlisData.Rds,NA,NA,NA,NA
Import_OlisData.Rmd,Imports OLIS CLARiTY spectrophotometer files,Import_MetaData.Rmd,Photoperiod,h,Set Multicultivator  photoperiod hours (taken from MultiCultiCatalog),PICO_Imported_OlisData.Rds,prochlorococcus_O2\Data\ImportedData\ImportedOlisData\PICO_Imported_OlisData.Rds,NA,NA,NA,NA
Import_OlisData.Rmd,Imports OLIS CLARiTY spectrophotometer files,Import_MetaData.Rmd,MC,NA,Multicultivator name (taken from MultiCultiCatalog),PICO_Imported_OlisData.Rds,prochlorococcus_O2\Data\ImportedData\ImportedOlisData\PICO_Imported_OlisData.Rds,NA,NA,NA,NA
Import_OlisData.Rmd,Imports OLIS CLARiTY spectrophotometer files,Import_MetaData.Rmd,Tube,NA,Multicultivator tube number 1-8 (taken from MultiCultiCatalog),PICO_Imported_OlisData.Rds,prochlorococcus_O2\Data\ImportedData\ImportedOlisData\PICO_Imported_OlisData.Rds,NA,NA,NA,NA
Import_OlisData.Rmd,Imports OLIS CLARiTY spectrophotometer files,Import_MetaData.Rmd,O2,NA,"% Oxygen level in gas mixture (21, 2 or 0) (taken from MultiCultiCatalog)",PICO_Imported_OlisData.Rds,prochlorococcus_O2\Data\ImportedData\ImportedOlisData\PICO_Imported_OlisData.Rds,NA,NA,NA,NA
Import_OlisData.Rmd,Imports OLIS CLARiTY spectrophotometer files,Import_MetaData.Rmd,O2_Category,NA,"Oxygen category (High, Intermediate or Low) (taken from MultiCultiCatalog)",PICO_Imported_OlisData.Rds,prochlorococcus_O2\Data\ImportedData\ImportedOlisData\PICO_Imported_OlisData.Rds,NA,NA,NA,NA
Import_OlisData.Rmd,Imports OLIS CLARiTY spectrophotometer files,Import_MetaData.Rmd,WL,nm,Set Multicultivator spectral waveband  (taken from MultiCultiCatalog),PICO_Imported_OlisData.Rds,prochlorococcus_O2\Data\ImportedData\ImportedOlisData\PICO_Imported_OlisData.Rds,NA,NA,NA,NA
Import_OlisData.Rmd,Imports OLIS CLARiTY spectrophotometer files,Import_MetaData.Rmd,LightShape,NA,Set type of Multicultivator photoperiod delivered (sine or square) (taken from MultiCultiCatalog),PICO_Imported_OlisData.Rds,prochlorococcus_O2\Data\ImportedData\ImportedOlisData\PICO_Imported_OlisData.Rds,NA,NA,NA,NA
Import_OlisData.Rmd,Imports OLIS CLARiTY spectrophotometer files,Import_MetaData.Rmd,PARPhotonDose_day,mol photons m-2 d-1,Calculated PAR photon dose per day,PICO_Imported_OlisData.Rds,prochlorococcus_O2\Data\ImportedData\ImportedOlisData\PICO_Imported_OlisData.Rds,NA,NA,NA,NA
Import_OlisData.Rmd,Imports OLIS CLARiTY spectrophotometer files,Import_MetaData.Rmd,ExpEndDate,ymd_hms,Date experiment ended (taken from MultiCultiCatalog),PICO_Imported_OlisData.Rds,prochlorococcus_O2\Data\ImportedData\ImportedOlisData\PICO_Imported_OlisData.Rds,NA,NA,NA,NA
Import_OlisData.Rmd,Imports OLIS CLARiTY spectrophotometer files,Import_OlisData.Rmd,ObsDate,ymd,Date of Olis measurements (taken from filename),PICO_Imported_OlisData.Rds,prochlorococcus_O2\Data\ImportedData\ImportedOlisData\PICO_Imported_OlisData.Rds,NA,NA,NA,NA
Import_OlisData.Rmd,Imports OLIS CLARiTY spectrophotometer files,Import_OlisData.Rmd,Absorbance,dimensionless,Measured Olis whole cell absorbance,PICO_Imported_OlisData.Rds,prochlorococcus_O2\Data\ImportedData\ImportedOlisData\PICO_Imported_OlisData.Rds,NA,NA,NA,NA
Import_OlisData.Rmd,Imports OLIS CLARiTY spectrophotometer files,Import_OlisData.Rmd,OlisAbs_nm,nm,Wavelength at measured whole cell absorbance,PICO_Imported_OlisData.Rds,prochlorococcus_O2\Data\ImportedData\ImportedOlisData\PICO_Imported_OlisData.Rds,NA,NA,NA,NA
Import_OlisData.Rmd,Imports OLIS CLARiTY spectrophotometer files,Import_OlisData.Rmd,FilenameOlis,NA,Given measurement filename,PICO_Imported_OlisData.Rds,prochlorococcus_O2\Data\ImportedData\ImportedOlisData\PICO_Imported_OlisData.Rds,NA,NA,NA,NA
Import_OlisData.Rmd,Imports OLIS CLARiTY spectrophotometer files,Import_OlisData.Rmd,E_days,d,Number of days after the start of multicultivator experiment when Olis measurements were taken,PICO_Imported_OlisData.Rds,prochlorococcus_O2\Data\ImportedData\ImportedOlisData\PICO_Imported_OlisData.Rds,NA,NA,NA,NA
Import_OlisData.Rmd,Imports OLIS CLARiTY spectrophotometer files,Import_OlisData.Rmd,AbsSpectra,NA,"Nested data frame containing ""OlisAbs_nm"" and ""Absorbance""",PICO_Imported_OlisData.Rds,prochlorococcus_O2\Data\ImportedData\ImportedOlisData\PICO_Imported_OlisData.Rds,NA,NA,NA,NA
Import_JazEmData.Rmd,Imports Jaz radiospectrometer files,Import_JazEmData.Rmd,FilenameJaz,NA,Given measurement filename,PICO_Imported_JazEmData.Rds,prochlorococcus_O2\Data\ImportedData\ImportedJazEmData\PICO_Imported_JazEmData.Rds,NA,NA,NA,NA
Import_JazEmData.Rmd,Imports Jaz radiospectrometer files,Import_JazEmData.Rmd,Wavelength,nm,Wavelength of emission measurement (taken from .txt),PICO_Imported_JazEmData.Rds,prochlorococcus_O2\Data\ImportedData\ImportedJazEmData\PICO_Imported_JazEmData.Rds,NA,NA,NA,NA
Import_JazEmData.Rmd,Imports Jaz radiospectrometer files,Import_JazEmData.Rmd,Counts,dimensionless,Multicultivator emission radiation counts at a given wavelength (taken from .txt) ,PICO_Imported_JazEmData.Rds,prochlorococcus_O2\Data\ImportedData\ImportedJazEmData\PICO_Imported_JazEmData.Rds,NA,NA,NA,NA
Import_JazEmData.Rmd,Imports Jaz radiospectrometer files,Import_JazEmData.Rmd,ObsDate,ymd,Date of measurements  (taken from filename),PICO_Imported_JazEmData.Rds,prochlorococcus_O2\Data\ImportedData\ImportedJazEmData\PICO_Imported_JazEmData.Rds,NA,NA,NA,NA
Import_JazEmData.Rmd,Imports Jaz radiospectrometer files,Import_JazEmData.Rmd,MultiCulti,NA,Multicultivator name (taken from filename),PICO_Imported_JazEmData.Rds,prochlorococcus_O2\Data\ImportedData\ImportedJazEmData\PICO_Imported_JazEmData.Rds,NA,NA,NA,NA
Import_JazEmData.Rmd,Imports Jaz radiospectrometer files,Import_JazEmData.Rmd,SetPar_ue,mol photons m-2 s-1,Set Multicultivator actinic PAR (taken from filename),PICO_Imported_JazEmData.Rds,prochlorococcus_O2\Data\ImportedData\ImportedJazEmData\PICO_Imported_JazEmData.Rds,NA,NA,NA,NA
Import_JazEmData.Rmd,Imports Jaz radiospectrometer files,Import_JazEmData.Rmd,WL,nm,Set Multicultivator spectral waveband   (taken from filename),PICO_Imported_JazEmData.Rds,prochlorococcus_O2\Data\ImportedData\ImportedJazEmData\PICO_Imported_JazEmData.Rds,NA,NA,NA,NA
Import_JazEmData.Rmd,Imports Jaz radiospectrometer files,Import_JazEmData.Rmd,MeanEmission,dimensionless,Mean multicultivator emission radiation counts. Calculated by taking the mean emission count for each wavelength after rounding 'Wavelength' for a resolution of 1 nm ,PICO_Imported_JazEmData.Rds,prochlorococcus_O2\Data\ImportedData\ImportedJazEmData\PICO_Imported_JazEmData.Rds,NA,NA,NA,NA
Import_JazEmData.Rmd,Imports Jaz radiospectrometer files,Import_JazEmData.Rmd,EmMax_nm,nm,Wavelength (nm) at max emission count,PICO_Imported_JazEmData.Rds,prochlorococcus_O2\Data\ImportedData\ImportedJazEmData\PICO_Imported_JazEmData.Rds,NA,NA,NA,NA
Import_JazEmData.Rmd,Imports Jaz radiospectrometer files,Import_JazEmData.Rmd,MCEm_nm,nm,Round 'Wavelength' of measured emission to whole number ,PICO_Imported_JazEmData.Rds,prochlorococcus_O2\Data\ImportedData\ImportedJazEmData\PICO_Imported_JazEmData.Rds,NA,NA,NA,NA
Import_JazEmData.Rmd,Imports Jaz radiospectrometer files,Import_JazEmData.Rmd,Emission,dimensionless,Round 'MeanEmission' to 1 decimal ,PICO_Imported_JazEmData.Rds,prochlorococcus_O2\Data\ImportedData\ImportedJazEmData\PICO_Imported_JazEmData.Rds,NA,NA,NA,NA
Import_JazEmData.Rmd,Imports Jaz radiospectrometer files,Import_JazEmData.Rmd,MCSetPar_uE,mol photons m-2 s-1,Renamed SetPar_ue to add explicitedly MC for Multicultivator actinic PAR,PICO_Imported_JazEmData.Rds,prochlorococcus_O2\Data\ImportedData\ImportedJazEmData\PICO_Imported_JazEmData.Rds,NA,NA,NA,NA
Import_JazEmData.Rmd,Imports Jaz radiospectrometer files,Import_JazEmData.Rmd,MCMeasuredPar_uE,mol photons m-2 s-1,Measured light level at Multicultivator ,PICO_Imported_JazEmData.Rds,prochlorococcus_O2\Data\ImportedData\ImportedJazEmData\PICO_Imported_JazEmData.Rds,NA,NA,NA,NA
Import_JazEmData.Rmd,Imports Jaz radiospectrometer files,Import_JazEmData.Rmd,MC,NA,"Renamed ""MultiCulti"" to match variable name in ""Import_MCData.Rmd"" for future joining of data frames",PICO_Imported_JazEmData.Rds,prochlorococcus_O2\Data\ImportedData\ImportedJazEmData\PICO_Imported_JazEmData.Rds,NA,NA,NA,NA
Import_JazEmData.Rmd,Imports Jaz radiospectrometer files,Import_JazEmData.Rmd,MC_SpectralID,NA,"Multicultivator name and spectral waveband separated by ""_""",PICO_Imported_JazEmData.Rds,prochlorococcus_O2\Data\ImportedData\ImportedJazEmData\PICO_Imported_JazEmData.Rds,NA,NA,NA,NA
Import_JazEmData.Rmd,Imports Jaz radiospectrometer files,Import_JazEmData.Rmd,EmSpectra,NA,"Nested data frame containing ""MCEm_nm"" and ""Emission""",PICO_Imported_JazEmData.Rds,prochlorococcus_O2\Data\ImportedData\ImportedJazEmData\PICO_Imported_JazEmData.Rds,NA,NA,NA,NA
Process_MCData.Rmd,Processes individual .Rds from Data\ImportedData\ImportedMCData folder ,Import_MetaData.Rmd,Filename,NA,Given filename,yyyymmdd_PICO_MCXXXXXX_RUNXXX_ProcessDataNestGrowth.Rds,prochlorococcus_O2\Data\ProcessedData\ProcessedMCData\*_ProcessDataNestGrowth.Rds,NA,NA,NA,NA
Process_MCData.Rmd,Processes individual .Rds from Data\ImportedData\ImportedMCData folder ,Import_MetaData.Rmd,Tube,NA,Multicultivator tube number 1-8 (taken from MultiCultiCatalog),yyyymmdd_PICO_MCXXXXXX_RUNXXX_ProcessDataNestGrowth.Rds,prochlorococcus_O2\Data\ProcessedData\ProcessedMCData\*_ProcessDataNestGrowth.Rds,NA,NA,NA,NA
Process_MCData.Rmd,Processes individual .Rds from Data\ImportedData\ImportedMCData folder ,Import_MetaData.Rmd,ExpDate,ymd,Date experiment started (taken from MultiCultiCatalog),yyyymmdd_PICO_MCXXXXXX_RUNXXX_ProcessDataNestGrowth.Rds,prochlorococcus_O2\Data\ProcessedData\ProcessedMCData\*_ProcessDataNestGrowth.Rds,NA,NA,NA,NA
Process_MCData.Rmd,Processes individual .Rds from Data\ImportedData\ImportedMCData folder ,Import_MetaData.Rmd,MC,NA,Multicultivator name (taken from MultiCultiCatalog),yyyymmdd_PICO_MCXXXXXX_RUNXXX_ProcessDataNestGrowth.Rds,prochlorococcus_O2\Data\ProcessedData\ProcessedMCData\*_ProcessDataNestGrowth.Rds,NA,NA,NA,NA
Process_MCData.Rmd,Processes individual .Rds from Data\ImportedData\ImportedMCData folder ,Import_MetaData.Rmd,PrimaryOperator,NA,Person who conducted the experiment,yyyymmdd_PICO_MCXXXXXX_RUNXXX_ProcessDataNestGrowth.Rds,prochlorococcus_O2\Data\ProcessedData\ProcessedMCData\*_ProcessDataNestGrowth.Rds,NA,NA,NA,NA
Process_MCData.Rmd,Processes individual .Rds from Data\ImportedData\ImportedMCData folder ,Import_MetaData.Rmd,SampleID,NA,Sample ID (taken from MultiCultiCatalog),yyyymmdd_PICO_MCXXXXXX_RUNXXX_ProcessDataNestGrowth.Rds,prochlorococcus_O2\Data\ProcessedData\ProcessedMCData\*_ProcessDataNestGrowth.Rds,NA,NA,NA,NA
Process_MCData.Rmd,Processes individual .Rds from Data\ImportedData\ImportedMCData folder ,Import_MetaData.Rmd,Run,NA,Multicultivator run number (taken from MultiCultiCatalog),yyyymmdd_PICO_MCXXXXXX_RUNXXX_ProcessDataNestGrowth.Rds,prochlorococcus_O2\Data\ProcessedData\ProcessedMCData\*_ProcessDataNestGrowth.Rds,NA,NA,NA,NA
Process_MCData.Rmd,Processes individual .Rds from Data\ImportedData\ImportedMCData folder ,Import_MetaData.Rmd,Strain,NA,Name of tested strain (taken from MultiCultiCatalog),yyyymmdd_PICO_MCXXXXXX_RUNXXX_ProcessDataNestGrowth.Rds,prochlorococcus_O2\Data\ProcessedData\ProcessedMCData\*_ProcessDataNestGrowth.Rds,NA,NA,NA,NA
Process_MCData.Rmd,Processes individual .Rds from Data\ImportedData\ImportedMCData folder ,Import_MetaData.Rmd,ExpCul,NA,The presence of culture (0 or 1),yyyymmdd_PICO_MCXXXXXX_RUNXXX_ProcessDataNestGrowth.Rds,prochlorococcus_O2\Data\ProcessedData\ProcessedMCData\*_ProcessDataNestGrowth.Rds,NA,NA,NA,NA
Process_MCData.Rmd,Processes individual .Rds from Data\ImportedData\ImportedMCData folder ,Import_MetaData.Rmd,ExpStartTime,ymd_hms,Experiment start time,yyyymmdd_PICO_MCXXXXXX_RUNXXX_ProcessDataNestGrowth.Rds,prochlorococcus_O2\Data\ProcessedData\ProcessedMCData\*_ProcessDataNestGrowth.Rds,NA,NA,NA,NA
Process_MCData.Rmd,Processes individual .Rds from Data\ImportedData\ImportedMCData folder ,Import_MetaData.Rmd,Par_ue,mol photons m-2 s-1,Set Multicultivator actinic PAR(taken from MultiCultiCatalog),yyyymmdd_PICO_MCXXXXXX_RUNXXX_ProcessDataNestGrowth.Rds,prochlorococcus_O2\Data\ProcessedData\ProcessedMCData\*_ProcessDataNestGrowth.Rds,NA,NA,NA,NA
Process_MCData.Rmd,Processes individual .Rds from Data\ImportedData\ImportedMCData folder ,Import_MetaData.Rmd,Photoperiod,h,Set Multicultivator  photoperiod hours (taken from MultiCultiCatalog),yyyymmdd_PICO_MCXXXXXX_RUNXXX_ProcessDataNestGrowth.Rds,prochlorococcus_O2\Data\ProcessedData\ProcessedMCData\*_ProcessDataNestGrowth.Rds,NA,NA,NA,NA
Process_MCData.Rmd,Processes individual .Rds from Data\ImportedData\ImportedMCData folder ,Import_MetaData.Rmd,Temp_c,C,Set Multicultivator  temperature (taken from MultiCultiCatalog),yyyymmdd_PICO_MCXXXXXX_RUNXXX_ProcessDataNestGrowth.Rds,prochlorococcus_O2\Data\ProcessedData\ProcessedMCData\*_ProcessDataNestGrowth.Rds,NA,NA,NA,NA
Process_MCData.Rmd,Processes individual .Rds from Data\ImportedData\ImportedMCData folder ,Import_MetaData.Rmd,O2,NA,"% Oxygen level in gas mixture (21, 2 or 0) (taken from MultiCultiCatalog)",yyyymmdd_PICO_MCXXXXXX_RUNXXX_ProcessDataNestGrowth.Rds,prochlorococcus_O2\Data\ProcessedData\ProcessedMCData\*_ProcessDataNestGrowth.Rds,NA,NA,NA,NA
Process_MCData.Rmd,Processes individual .Rds from Data\ImportedData\ImportedMCData folder ,Import_MetaData.Rmd,O2_Category,NA,"Oxygen category (High, Intermediate or Low) (taken from MultiCultiCatalog)",yyyymmdd_PICO_MCXXXXXX_RUNXXX_ProcessDataNestGrowth.Rds,prochlorococcus_O2\Data\ProcessedData\ProcessedMCData\*_ProcessDataNestGrowth.Rds,NA,NA,NA,NA
Process_MCData.Rmd,Processes individual .Rds from Data\ImportedData\ImportedMCData folder ,Import_MetaData.Rmd,WL,nm,Set Multicultivator spectral waveband  (taken from MultiCultiCatalog),yyyymmdd_PICO_MCXXXXXX_RUNXXX_ProcessDataNestGrowth.Rds,prochlorococcus_O2\Data\ProcessedData\ProcessedMCData\*_ProcessDataNestGrowth.Rds,NA,NA,NA,NA
Process_MCData.Rmd,Processes individual .Rds from Data\ImportedData\ImportedMCData folder ,Import_MetaData.Rmd,LightShape,NA,Set type of Multicultivator photoperiod delivered (sine or square) (taken from MultiCultiCatalog),yyyymmdd_PICO_MCXXXXXX_RUNXXX_ProcessDataNestGrowth.Rds,prochlorococcus_O2\Data\ProcessedData\ProcessedMCData\*_ProcessDataNestGrowth.Rds,NA,NA,NA,NA
Process_MCData.Rmd,Processes individual .Rds from Data\ImportedData\ImportedMCData folder ,Import_MetaData.Rmd,Optode,NA,Is oxygen optode used? (1 or 0),yyyymmdd_PICO_MCXXXXXX_RUNXXX_ProcessDataNestGrowth.Rds,prochlorococcus_O2\Data\ProcessedData\ProcessedMCData\*_ProcessDataNestGrowth.Rds,NA,NA,NA,NA
Process_MCData.Rmd,Processes individual .Rds from Data\ImportedData\ImportedMCData folder ,Import_MetaData.Rmd,OptodeCh,NA,Optode channel (Ch1-Ch4),yyyymmdd_PICO_MCXXXXXX_RUNXXX_ProcessDataNestGrowth.Rds,prochlorococcus_O2\Data\ProcessedData\ProcessedMCData\*_ProcessDataNestGrowth.Rds,NA,NA,NA,NA
Process_MCData.Rmd,Processes individual .Rds from Data\ImportedData\ImportedMCData folder ,Import_MetaData.Rmd,OptodeMeasure,NA,Is oxygen optode used? (1 or 0),yyyymmdd_PICO_MCXXXXXX_RUNXXX_ProcessDataNestGrowth.Rds,prochlorococcus_O2\Data\ProcessedData\ProcessedMCData\*_ProcessDataNestGrowth.Rds,NA,NA,NA,NA
Process_MCData.Rmd,Processes individual .Rds from Data\ImportedData\ImportedMCData folder ,Import_MetaData.Rmd,ExpEndDate,ymd_hms,Date experiment ended (taken from MultiCultiCatalog),yyyymmdd_PICO_MCXXXXXX_RUNXXX_ProcessDataNestGrowth.Rds,prochlorococcus_O2\Data\ProcessedData\ProcessedMCData\*_ProcessDataNestGrowth.Rds,NA,NA,NA,NA
Process_MCData.Rmd,Processes individual .Rds from Data\ImportedData\ImportedMCData folder ,Import_MCData.Rmd,ExpEndHour,ymd_hms,Duration in hours of experiment run time for each tube,yyyymmdd_PICO_MCXXXXXX_RUNXXX_ProcessDataNestGrowth.Rds,prochlorococcus_O2\Data\ProcessedData\ProcessedMCData\*_ProcessDataNestGrowth.Rds,NA,NA,NA,NA
Process_MCData.Rmd,Processes individual .Rds from Data\ImportedData\ImportedMCData folder ,Import_MCData.Rmd,PARPhotonDose_day,mol photons m-2 d-1,Calculated PAR photon dose per day,yyyymmdd_PICO_MCXXXXXX_RUNXXX_ProcessDataNestGrowth.Rds,prochlorococcus_O2\Data\ProcessedData\ProcessedMCData\*_ProcessDataNestGrowth.Rds,NA,NA,NA,NA
Process_MCData.Rmd,Processes individual .Rds from Data\ImportedData\ImportedMCData folder ,Process_MCData.Rmd,InitialTime,h,Hours to filter off start of data set to eliminate initial fluctuations common in SS120,yyyymmdd_PICO_MCXXXXXX_RUNXXX_ProcessDataNestGrowth.Rds,prochlorococcus_O2\Data\ProcessedData\ProcessedMCData\*_ProcessDataNestGrowth.Rds,NA,NA,NA,NA
Process_MCData.Rmd,Processes individual .Rds from Data\ImportedData\ImportedMCData folder ,Process_MCData.Rmd,ReplaceOD,NA,Value to replace OD720 and/or deltaOD when log of original deltaOD results in NAN or infinite #,yyyymmdd_PICO_MCXXXXXX_RUNXXX_ProcessDataNestGrowth.Rds,prochlorococcus_O2\Data\ProcessedData\ProcessedMCData\*_ProcessDataNestGrowth.Rds,NA,NA,NA,NA
Process_MCData.Rmd,Processes individual .Rds from Data\ImportedData\ImportedMCData folder ,Process_MCData.Rmd,TruncFactor,NA,Fraction of max OD for truncating full growth trajectory; used to compare mu,yyyymmdd_PICO_MCXXXXXX_RUNXXX_ProcessDataNestGrowth.Rds,prochlorococcus_O2\Data\ProcessedData\ProcessedMCData\*_ProcessDataNestGrowth.Rds,NA,NA,NA,NA
Process_MCData.Rmd,Processes individual .Rds from Data\ImportedData\ImportedMCData folder ,Process_MCData.Rmd,RollWindow,NA,Used to generate rolling averages: measurements every 5 min; 20 points is 1.67 h,yyyymmdd_PICO_MCXXXXXX_RUNXXX_ProcessDataNestGrowth.Rds,prochlorococcus_O2\Data\ProcessedData\ProcessedMCData\*_ProcessDataNestGrowth.Rds,NA,NA,NA,NA
Process_MCData.Rmd,Processes individual .Rds from Data\ImportedData\ImportedMCData folder ,Process_MCData.Rmd,OD720GrowthFlagValue,NA,OD720 absolute change for setting 'GrowthFlag' = 1 and 'DeclineFlag' = 1; did culture show  growth,yyyymmdd_PICO_MCXXXXXX_RUNXXX_ProcessDataNestGrowth.Rds,prochlorococcus_O2\Data\ProcessedData\ProcessedMCData\*_ProcessDataNestGrowth.Rds,NA,NA,NA,NA
Process_MCData.Rmd,Processes individual .Rds from Data\ImportedData\ImportedMCData folder ,Process_MCData.Rmd,deltaODGrowthFlagValue,NA,deltaOD absolute change for setting 'GrowthFlag' = 1 and 'DeclineFlag' = 1; did culture show  growth,yyyymmdd_PICO_MCXXXXXX_RUNXXX_ProcessDataNestGrowth.Rds,prochlorococcus_O2\Data\ProcessedData\ProcessedMCData\*_ProcessDataNestGrowth.Rds,NA,NA,NA,NA
Process_MCData.Rmd,Processes individual .Rds from Data\ImportedData\ImportedMCData folder ,Process_MCData.Rmd,GrowthAmpWindow,h,Maximum hours to determine if cultures doubled,yyyymmdd_PICO_MCXXXXXX_RUNXXX_ProcessDataNestGrowth.Rds,prochlorococcus_O2\Data\ProcessedData\ProcessedMCData\*_ProcessDataNestGrowth.Rds,NA,NA,NA,NA
Process_MCData.Rmd,Processes individual .Rds from Data\ImportedData\ImportedMCData folder ,Process_MCData.Rmd,MaxAmpHour,h,Used to determine if max OD was achieved within xx hours which then is used to calculate growthAmp on decline growth,yyyymmdd_PICO_MCXXXXXX_RUNXXX_ProcessDataNestGrowth.Rds,prochlorococcus_O2\Data\ProcessedData\ProcessedMCData\*_ProcessDataNestGrowth.Rds,NA,NA,NA,NA
Process_MCData.Rmd,Processes individual .Rds from Data\ImportedData\ImportedMCData folder ,Process_MCData.Rmd,DeclineWindow,h,Duration in hours overwhich we test for decline from max in OD720 or deltaOD,yyyymmdd_PICO_MCXXXXXX_RUNXXX_ProcessDataNestGrowth.Rds,prochlorococcus_O2\Data\ProcessedData\ProcessedMCData\*_ProcessDataNestGrowth.Rds,NA,NA,NA,NA
Process_MCData.Rmd,Processes individual .Rds from Data\ImportedData\ImportedMCData folder ,Process_MCData.Rmd,MyWavelengths,nm,Multicultivator available wavelengths ,yyyymmdd_PICO_MCXXXXXX_RUNXXX_ProcessDataNestGrowth.Rds,prochlorococcus_O2\Data\ProcessedData\ProcessedMCData\*_ProcessDataNestGrowth.Rds,NA,NA,NA,NA
Process_MCData.Rmd,Processes individual .Rds from Data\ImportedData\ImportedMCData folder ,Process_MCData.Rmd,MCMIXColours,NA,Set colors specific to wavelength using the'photobiologyWavebands' package,yyyymmdd_PICO_MCXXXXXX_RUNXXX_ProcessDataNestGrowth.Rds,prochlorococcus_O2\Data\ProcessedData\ProcessedMCData\*_ProcessDataNestGrowth.Rds,NA,NA,NA,NA
Process_MCData.Rmd,Processes individual .Rds from Data\ImportedData\ImportedMCData folder ,Process_MCData.Rmd,deltaOD,NA,Chlorophyll proxy OD;  deltaOD = OD680 -OD720,yyyymmdd_PICO_MCXXXXXX_RUNXXX_ProcessDataNestGrowth.Rds,prochlorococcus_O2\Data\ProcessedData\ProcessedMCData\*_ProcessDataNestGrowth.Rds,NA,NA,NA,NA
Process_MCData.Rmd,Processes individual .Rds from Data\ImportedData\ImportedMCData folder ,Process_MCData.Rmd,rollmeanOD720,NA,The mean OD720 (optical density measured at 720 nm) over the window defined in 'RollWindow',yyyymmdd_PICO_MCXXXXXX_RUNXXX_ProcessDataNestGrowth.Rds,prochlorococcus_O2\Data\ProcessedData\ProcessedMCData\*_ProcessDataNestGrowth.Rds,NA,NA,NA,NA
Process_MCData.Rmd,Processes individual .Rds from Data\ImportedData\ImportedMCData folder ,Process_MCData.Rmd,rollmeandeltaOD,NA,The mean deltaOD (optical density measured at 680-720 nm) over the window defined in 'RollWindow',yyyymmdd_PICO_MCXXXXXX_RUNXXX_ProcessDataNestGrowth.Rds,prochlorococcus_O2\Data\ProcessedData\ProcessedMCData\*_ProcessDataNestGrowth.Rds,NA,NA,NA,NA
Process_MCData.Rmd,Processes individual .Rds from Data\ImportedData\ImportedMCData folder ,Process_MCData.Rmd,minRollMeanOD720,NA,The minimum of 'rollmeanOD720'. This is the minimum optical density measured at 720 nm over the entire growth trajectory. ,yyyymmdd_PICO_MCXXXXXX_RUNXXX_ProcessDataNestGrowth.Rds,prochlorococcus_O2\Data\ProcessedData\ProcessedMCData\*_ProcessDataNestGrowth.Rds,NA,NA,NA,NA
Process_MCData.Rmd,Processes individual .Rds from Data\ImportedData\ImportedMCData folder ,Process_MCData.Rmd,minRollMeandeltaOD,NA,The minimum of 'rollmeandeltaOD'. This is the minimum optical density measured at 680-720 nm over the entire growth trajectory. ,yyyymmdd_PICO_MCXXXXXX_RUNXXX_ProcessDataNestGrowth.Rds,prochlorococcus_O2\Data\ProcessedData\ProcessedMCData\*_ProcessDataNestGrowth.Rds,NA,NA,NA,NA
Process_MCData.Rmd,Processes individual .Rds from Data\ImportedData\ImportedMCData folder ,Process_MCData.Rmd,maxRollMeanOD720,NA,The maximum of 'rollmeanOD720'. This is the maximum optical density measured at 720 nm over the entire growth trajectory. ,yyyymmdd_PICO_MCXXXXXX_RUNXXX_ProcessDataNestGrowth.Rds,prochlorococcus_O2\Data\ProcessedData\ProcessedMCData\*_ProcessDataNestGrowth.Rds,NA,NA,NA,NA
Process_MCData.Rmd,Processes individual .Rds from Data\ImportedData\ImportedMCData folder ,Process_MCData.Rmd,maxRollMeandeltaOD,NA,The maximum of 'rollmeandeltaOD'. This is the maximum optical density measured at 680-720 nm over the entire growth trajectory. ,yyyymmdd_PICO_MCXXXXXX_RUNXXX_ProcessDataNestGrowth.Rds,prochlorococcus_O2\Data\ProcessedData\ProcessedMCData\*_ProcessDataNestGrowth.Rds,NA,NA,NA,NA
Process_MCData.Rmd,Processes individual .Rds from Data\ImportedData\ImportedMCData folder ,Process_MCData.Rmd,lognormOD720,NA,The log of OD720 (optical density measured at 720 nm) normalized to the minimum rolling mean of OD720 over the entire growth trajectory. ,yyyymmdd_PICO_MCXXXXXX_RUNXXX_ProcessDataNestGrowth.Rds,prochlorococcus_O2\Data\ProcessedData\ProcessedMCData\*_ProcessDataNestGrowth.Rds,NA,NA,NA,NA
Process_MCData.Rmd,Processes individual .Rds from Data\ImportedData\ImportedMCData folder ,Process_MCData.Rmd,lognormdeltaOD,NA,The log of deltaOD (optical density measured at 680-720 nm) normalized to the minimum rolling mean of deltaOD over the entire growth trajectory. ,yyyymmdd_PICO_MCXXXXXX_RUNXXX_ProcessDataNestGrowth.Rds,prochlorococcus_O2\Data\ProcessedData\ProcessedMCData\*_ProcessDataNestGrowth.Rds,NA,NA,NA,NA
Process_MCData.Rmd,Processes individual .Rds from Data\ImportedData\ImportedMCData folder ,Process_MCData.Rmd,LagSeedOD720,h,The time when OD720 (optical density measured at 720 nm) is the lowest. Taken from the minimum rolling mean of OD720 over the entire growth trajectory. ,yyyymmdd_PICO_MCXXXXXX_RUNXXX_ProcessDataNestGrowth.Rds,prochlorococcus_O2\Data\ProcessedData\ProcessedMCData\*_ProcessDataNestGrowth.Rds,NA,NA,NA,NA
Process_MCData.Rmd,Processes individual .Rds from Data\ImportedData\ImportedMCData folder ,Process_MCData.Rmd,LagSeeddeltaOD,h,The time when deltaOD (optical density measured at 680-720 nm)is the lowest. Taken from the minimum rolling mean of deltaOD over the entire growth trajectory. ,yyyymmdd_PICO_MCXXXXXX_RUNXXX_ProcessDataNestGrowth.Rds,prochlorococcus_O2\Data\ProcessedData\ProcessedMCData\*_ProcessDataNestGrowth.Rds,NA,NA,NA,NA
Process_MCData.Rmd,Processes individual .Rds from Data\ImportedData\ImportedMCData folder ,Process_MCData.Rmd,tubedata,NA,Nested data frame containing all raw Multicultivator data ,yyyymmdd_PICO_MCXXXXXX_RUNXXX_ProcessDataNestGrowth.Rds,prochlorococcus_O2\Data\ProcessedData\ProcessedMCData\*_ProcessDataNestGrowth.Rds,NA,NA,NA,NA
Process_MCData.Rmd,Processes individual .Rds from Data\ImportedData\ImportedMCData folder ,Process_MCData.Rmd,Lmax,NA,This is 'maxRollMean$' of OD720 or deltaOD used to calculate the growth estimate using a logistic formula,yyyymmdd_PICO_MCXXXXXX_RUNXXX_ProcessDataNestGrowth.Rds,prochlorococcus_O2\Data\ProcessedData\ProcessedMCData\*_ProcessDataNestGrowth.Rds,NA,NA,NA,NA
Process_MCData.Rmd,Processes individual .Rds from Data\ImportedData\ImportedMCData folder ,Process_MCData.Rmd,Lmu,h-1,This is the growth estimate for OD720 or deltaOD using a logistic formula,yyyymmdd_PICO_MCXXXXXX_RUNXXX_ProcessDataNestGrowth.Rds,prochlorococcus_O2\Data\ProcessedData\ProcessedMCData\*_ProcessDataNestGrowth.Rds,NA,NA,NA,NA
Process_MCData.Rmd,Processes individual .Rds from Data\ImportedData\ImportedMCData folder ,Process_MCData.Rmd,Lintercept,NA,This is 'minRollMean$' of OD720 or deltaOD used to calculate the growth estimate using a logistic formula,yyyymmdd_PICO_MCXXXXXX_RUNXXX_ProcessDataNestGrowth.Rds,prochlorococcus_O2\Data\ProcessedData\ProcessedMCData\*_ProcessDataNestGrowth.Rds,NA,NA,NA,NA
Process_MCData.Rmd,Processes individual .Rds from Data\ImportedData\ImportedMCData folder ,Process_MCData.Rmd,OD720_logistic,NA,Variable to map ???? OD720 logistic growth estimate formula,yyyymmdd_PICO_MCXXXXXX_RUNXXX_ProcessDataNestGrowth.Rds,prochlorococcus_O2\Data\ProcessedData\ProcessedMCData\*_ProcessDataNestGrowth.Rds,NA,NA,NA,NA
Process_MCData.Rmd,Processes individual .Rds from Data\ImportedData\ImportedMCData folder ,Process_MCData.Rmd,OD720_logistic_tidied,NA,Nest which contains the growth estimates and statistics of the logistic growth curve for OD720 ,yyyymmdd_PICO_MCXXXXXX_RUNXXX_ProcessDataNestGrowth.Rds,prochlorococcus_O2\Data\ProcessedData\ProcessedMCData\*_ProcessDataNestGrowth.Rds,NA,NA,NA,NA
Process_MCData.Rmd,Processes individual .Rds from Data\ImportedData\ImportedMCData folder ,Process_MCData.Rmd,OD720_logistic_param,NA,??,yyyymmdd_PICO_MCXXXXXX_RUNXXX_ProcessDataNestGrowth.Rds,prochlorococcus_O2\Data\ProcessedData\ProcessedMCData\*_ProcessDataNestGrowth.Rds,NA,NA,NA,NA
Process_MCData.Rmd,Processes individual .Rds from Data\ImportedData\ImportedMCData folder ,Process_MCData.Rmd,OD720_logistic_predict,NA,Nest which contains the predicted optical density and residuals of the logistic growth curve for OD720,yyyymmdd_PICO_MCXXXXXX_RUNXXX_ProcessDataNestGrowth.Rds,prochlorococcus_O2\Data\ProcessedData\ProcessedMCData\*_ProcessDataNestGrowth.Rds,NA,NA,NA,NA
Process_MCData.Rmd,Processes individual .Rds from Data\ImportedData\ImportedMCData folder ,Process_MCData.Rmd,OD720_TimetoMax,h,Time when the fitted OD720 is maximum.,yyyymmdd_PICO_MCXXXXXX_RUNXXX_ProcessDataNestGrowth.Rds,prochlorococcus_O2\Data\ProcessedData\ProcessedMCData\*_ProcessDataNestGrowth.Rds,NA,NA,NA,NA
Process_MCData.Rmd,Processes individual .Rds from Data\ImportedData\ImportedMCData folder ,Process_MCData.Rmd,OD720trunc_logistic,NA,Variable to map ???? OD720 logistic growth estimate formula of a truncated Multicultivator run,yyyymmdd_PICO_MCXXXXXX_RUNXXX_ProcessDataNestGrowth.Rds,prochlorococcus_O2\Data\ProcessedData\ProcessedMCData\*_ProcessDataNestGrowth.Rds,NA,NA,NA,NA
Process_MCData.Rmd,Processes individual .Rds from Data\ImportedData\ImportedMCData folder ,Process_MCData.Rmd,OD720trunc_logistic_tidied,NA,Nest which contains the growth estimates and statistics of the logistic growth curve for OD720  of a truncated Multicultivator run,yyyymmdd_PICO_MCXXXXXX_RUNXXX_ProcessDataNestGrowth.Rds,prochlorococcus_O2\Data\ProcessedData\ProcessedMCData\*_ProcessDataNestGrowth.Rds,NA,NA,NA,NA
Process_MCData.Rmd,Processes individual .Rds from Data\ImportedData\ImportedMCData folder ,Process_MCData.Rmd,OD720trunc_logistic_param,NA,??,yyyymmdd_PICO_MCXXXXXX_RUNXXX_ProcessDataNestGrowth.Rds,prochlorococcus_O2\Data\ProcessedData\ProcessedMCData\*_ProcessDataNestGrowth.Rds,NA,NA,NA,NA
Process_MCData.Rmd,Processes individual .Rds from Data\ImportedData\ImportedMCData folder ,Process_MCData.Rmd,OD720trunc_logistic_predict,NA,Nest which contains the predicted optical density and residuals of the logistic growth curve for OD720 of a truncated Multicultivator run,yyyymmdd_PICO_MCXXXXXX_RUNXXX_ProcessDataNestGrowth.Rds,prochlorococcus_O2\Data\ProcessedData\ProcessedMCData\*_ProcessDataNestGrowth.Rds,NA,NA,NA,NA
Process_MCData.Rmd,Processes individual .Rds from Data\ImportedData\ImportedMCData folder ,Process_MCData.Rmd,OD720trunc_TimetoMax,h,,yyyymmdd_PICO_MCXXXXXX_RUNXXX_ProcessDataNestGrowth.Rds,prochlorococcus_O2\Data\ProcessedData\ProcessedMCData\*_ProcessDataNestGrowth.Rds,NA,NA,NA,NA
Process_MCData.Rmd,Processes individual .Rds from Data\ImportedData\ImportedMCData folder ,Process_MCData.Rmd,deltaOD_logistic,NA,Variable to map ???? deltaOD logistic growth estimate formula,yyyymmdd_PICO_MCXXXXXX_RUNXXX_ProcessDataNestGrowth.Rds,prochlorococcus_O2\Data\ProcessedData\ProcessedMCData\*_ProcessDataNestGrowth.Rds,NA,NA,NA,NA
Process_MCData.Rmd,Processes individual .Rds from Data\ImportedData\ImportedMCData folder ,Process_MCData.Rmd,deltaOD_logistic_tidied,NA,Nest which contains the growth estimates and statistics of the logistic growth curve for deltaOD,yyyymmdd_PICO_MCXXXXXX_RUNXXX_ProcessDataNestGrowth.Rds,prochlorococcus_O2\Data\ProcessedData\ProcessedMCData\*_ProcessDataNestGrowth.Rds,NA,NA,NA,NA
Process_MCData.Rmd,Processes individual .Rds from Data\ImportedData\ImportedMCData folder ,Process_MCData.Rmd,deltaOD_logistic_param,NA,??,yyyymmdd_PICO_MCXXXXXX_RUNXXX_ProcessDataNestGrowth.Rds,prochlorococcus_O2\Data\ProcessedData\ProcessedMCData\*_ProcessDataNestGrowth.Rds,NA,NA,NA,NA
Process_MCData.Rmd,Processes individual .Rds from Data\ImportedData\ImportedMCData folder ,Process_MCData.Rmd,deltaOD_logistic_predict,NA,Nest which contains the predicted optical density and residuals of the logistic growth curve for deltaOD,yyyymmdd_PICO_MCXXXXXX_RUNXXX_ProcessDataNestGrowth.Rds,prochlorococcus_O2\Data\ProcessedData\ProcessedMCData\*_ProcessDataNestGrowth.Rds,NA,NA,NA,NA
Process_MCData.Rmd,Processes individual .Rds from Data\ImportedData\ImportedMCData folder ,Process_MCData.Rmd,deltaOD_TimetoMax,h,Time when the fitted deltaOD is maximum.,yyyymmdd_PICO_MCXXXXXX_RUNXXX_ProcessDataNestGrowth.Rds,prochlorococcus_O2\Data\ProcessedData\ProcessedMCData\*_ProcessDataNestGrowth.Rds,NA,NA,NA,NA
Process_MCData.Rmd,Processes individual .Rds from Data\ImportedData\ImportedMCData folder ,Process_MCData.Rmd,deltaODtrunc_logistic,NA,Variable to map ???? deltaOD logistic growth estimate formula for a truncated Multicultivator run,yyyymmdd_PICO_MCXXXXXX_RUNXXX_ProcessDataNestGrowth.Rds,prochlorococcus_O2\Data\ProcessedData\ProcessedMCData\*_ProcessDataNestGrowth.Rds,NA,NA,NA,NA
Process_MCData.Rmd,Processes individual .Rds from Data\ImportedData\ImportedMCData folder ,Process_MCData.Rmd,deltaODtrunc_logistic_tidied,NA,Nest which contains the growth estimates and statistics of the logistic growth curve for  deltaOD of a truncated Multicultivator run,yyyymmdd_PICO_MCXXXXXX_RUNXXX_ProcessDataNestGrowth.Rds,prochlorococcus_O2\Data\ProcessedData\ProcessedMCData\*_ProcessDataNestGrowth.Rds,NA,NA,NA,NA
Process_MCData.Rmd,Processes individual .Rds from Data\ImportedData\ImportedMCData folder ,Process_MCData.Rmd,deltaODtrunc_logistic_param,NA,??,yyyymmdd_PICO_MCXXXXXX_RUNXXX_ProcessDataNestGrowth.Rds,prochlorococcus_O2\Data\ProcessedData\ProcessedMCData\*_ProcessDataNestGrowth.Rds,NA,NA,NA,NA
Process_MCData.Rmd,Processes individual .Rds from Data\ImportedData\ImportedMCData folder ,Process_MCData.Rmd,deltaODtrunc_logistic_predict,NA,Nest which contains the predicted optical density and residuals of the logistic growth curve for deltaOD of a truncated Multicultivator run,yyyymmdd_PICO_MCXXXXXX_RUNXXX_ProcessDataNestGrowth.Rds,prochlorococcus_O2\Data\ProcessedData\ProcessedMCData\*_ProcessDataNestGrowth.Rds,NA,NA,NA,NA
Process_MCData.Rmd,Processes individual .Rds from Data\ImportedData\ImportedMCData folder ,Process_MCData.Rmd,deltaODtrunc_TimetoMax,h,Time when the fitted deltaOD is maximum of a truncated Multicultivator run.,yyyymmdd_PICO_MCXXXXXX_RUNXXX_ProcessDataNestGrowth.Rds,prochlorococcus_O2\Data\ProcessedData\ProcessedMCData\*_ProcessDataNestGrowth.Rds,NA,NA,NA,NA
Process_MCData.Rmd,Processes individual .Rds from Data\ImportedData\ImportedMCData folder ,Process_MCData.Rmd,GrowthAmpdeltaOD,NA,Absolute amplitude of deltaOD,yyyymmdd_PICO_MCXXXXXX_RUNXXX_ProcessDataNestGrowth.Rds,prochlorococcus_O2\Data\ProcessedData\ProcessedMCData\*_ProcessDataNestGrowth.Rds,NA,NA,NA,NA
Process_MCData.Rmd,Processes individual .Rds from Data\ImportedData\ImportedMCData folder ,Process_MCData.Rmd,GrowthAmpOD720,NA,Absolute amplitude of OD720 ,yyyymmdd_PICO_MCXXXXXX_RUNXXX_ProcessDataNestGrowth.Rds,prochlorococcus_O2\Data\ProcessedData\ProcessedMCData\*_ProcessDataNestGrowth.Rds,NA,NA,NA,NA
Process_MCData.Rmd,Processes individual .Rds from Data\ImportedData\ImportedMCData folder ,Process_MCData.Rmd,GrowthAmpdeltaOD_14days,NA,Absolute amplitude of deltaOD within first 14 days,yyyymmdd_PICO_MCXXXXXX_RUNXXX_ProcessDataNestGrowth.Rds,prochlorococcus_O2\Data\ProcessedData\ProcessedMCData\*_ProcessDataNestGrowth.Rds,NA,NA,NA,NA
Process_MCData.Rmd,Processes individual .Rds from Data\ImportedData\ImportedMCData folder ,Process_MCData.Rmd,GrowthAmpOD720_14days,NA,Absolute amplitude of OD720 within first 14 days,yyyymmdd_PICO_MCXXXXXX_RUNXXX_ProcessDataNestGrowth.Rds,prochlorococcus_O2\Data\ProcessedData\ProcessedMCData\*_ProcessDataNestGrowth.Rds,NA,NA,NA,NA
Process_MCData.Rmd,Processes individual .Rds from Data\ImportedData\ImportedMCData folder ,Process_MCData.Rmd,minRollMeanOD720_14days,NA,The minimum of 'rollmeanOD720'. This is the minimum optical density measured at 720 nm within the first 14 days. ,yyyymmdd_PICO_MCXXXXXX_RUNXXX_ProcessDataNestGrowth.Rds,prochlorococcus_O2\Data\ProcessedData\ProcessedMCData\*_ProcessDataNestGrowth.Rds,NA,NA,NA,NA
Process_MCData.Rmd,Processes individual .Rds from Data\ImportedData\ImportedMCData folder ,Process_MCData.Rmd,maxRollMeanOD720_14days,NA,The minimum of 'rollmeandeltaOD'. This is the minimum optical density measured at 680-720 nm within the first 14 days. ,yyyymmdd_PICO_MCXXXXXX_RUNXXX_ProcessDataNestGrowth.Rds,prochlorococcus_O2\Data\ProcessedData\ProcessedMCData\*_ProcessDataNestGrowth.Rds,NA,NA,NA,NA
Process_MCData.Rmd,Processes individual .Rds from Data\ImportedData\ImportedMCData folder ,Process_MCData.Rmd,minRollMeandeltaOD_14days,NA,The maximum of 'rollmeanOD720'. This is the maximum optical density measured at 720 nm within the first 14 days. ,yyyymmdd_PICO_MCXXXXXX_RUNXXX_ProcessDataNestGrowth.Rds,prochlorococcus_O2\Data\ProcessedData\ProcessedMCData\*_ProcessDataNestGrowth.Rds,NA,NA,NA,NA
Process_MCData.Rmd,Processes individual .Rds from Data\ImportedData\ImportedMCData folder ,Process_MCData.Rmd,maxRollMeandeltaOD_14days,NA,The maximum of 'rollmeandeltaOD'. This is the maximum optical density measured at 680-720 nm within the first 14 days.  ,yyyymmdd_PICO_MCXXXXXX_RUNXXX_ProcessDataNestGrowth.Rds,prochlorococcus_O2\Data\ProcessedData\ProcessedMCData\*_ProcessDataNestGrowth.Rds,NA,NA,NA,NA
Merge_MCGrowthData.Rmd,Processes and combines all .Rds from Data\ProcessedData\ProcessedMCData folder.,Merge_MCGrowthData.Rmd,GrowthFlagError,NA,The fraction of mu to determine if the growth fit is accepted relative to the std error.,PICO_Processed_MCGrowthFits.Rds,prochlorococcus_O2\Data\CleanData\CleanedMCData\PICO_Processed_MCGrowthFits.Rds,NA,NA,NA,NA
Merge_MCGrowthData.Rmd,Processes and combines all .Rds from Data\ProcessedData\ProcessedMCData folder.,Merge_MCGrowthData.Rmd,OD720GrowthAmpFlagValue,NA,OD720 absolute change for setting GrowthFlag = 1 and DeclineFlag = 1; did culture show growth,PICO_Processed_MCGrowthFits.Rds,prochlorococcus_O2\Data\CleanData\CleanedMCData\PICO_Processed_MCGrowthFits.Rds,NA,NA,NA,NA
Merge_MCGrowthData.Rmd,Processes and combines all .Rds from Data\ProcessedData\ProcessedMCData folder.,Merge_MCGrowthData.Rmd,deltaODGrowthAmpFlagValue,NA,deltaOD absolute change for setting GrowthFlag = 1 and DeclineFlag = 1; did culture show  growth,PICO_Processed_MCGrowthFits.Rds,prochlorococcus_O2\Data\CleanData\CleanedMCData\PICO_Processed_MCGrowthFits.Rds,NA,NA,NA,NA
Merge_MCGrowthData.Rmd,Processes and combines all .Rds from Data\ProcessedData\ProcessedMCData folder.,Merge_MCGrowthData.Rmd,OD720_Lmax,NA,Logistic growth curve maximum OD720,PICO_Processed_MCGrowthFits.Rds,prochlorococcus_O2\Data\CleanData\CleanedMCData\PICO_Processed_MCGrowthFits.Rds,NA,NA,NA,NA
Merge_MCGrowthData.Rmd,Processes and combines all .Rds from Data\ProcessedData\ProcessedMCData folder.,Merge_MCGrowthData.Rmd,OD720_Lmax_se,NA,Std error of the logistic growth curve maximum OD720 ,PICO_Processed_MCGrowthFits.Rds,prochlorococcus_O2\Data\CleanData\CleanedMCData\PICO_Processed_MCGrowthFits.Rds,NA,NA,NA,NA
Merge_MCGrowthData.Rmd,Processes and combines all .Rds from Data\ProcessedData\ProcessedMCData folder.,Merge_MCGrowthData.Rmd,OD720_Lmu_raw,h-1,Calculated growth estimate for OD720 ,PICO_Processed_MCGrowthFits.Rds,prochlorococcus_O2\Data\CleanData\CleanedMCData\PICO_Processed_MCGrowthFits.Rds,NA,NA,NA,NA
Merge_MCGrowthData.Rmd,Processes and combines all .Rds from Data\ProcessedData\ProcessedMCData folder.,Merge_MCGrowthData.Rmd,OD720_Lmu_se,NA,Std error for the calculated growth estimate for OD720,PICO_Processed_MCGrowthFits.Rds,prochlorococcus_O2\Data\CleanData\CleanedMCData\PICO_Processed_MCGrowthFits.Rds,NA,NA,NA,NA
Merge_MCGrowthData.Rmd,Processes and combines all .Rds from Data\ProcessedData\ProcessedMCData folder.,Merge_MCGrowthData.Rmd,OD720_Lintercept,NA,Logistic growth curve intercept for OD720,PICO_Processed_MCGrowthFits.Rds,prochlorococcus_O2\Data\CleanData\CleanedMCData\PICO_Processed_MCGrowthFits.Rds,NA,NA,NA,NA
Merge_MCGrowthData.Rmd,Processes and combines all .Rds from Data\ProcessedData\ProcessedMCData folder.,Merge_MCGrowthData.Rmd,OD720_Lintercept_se,NA,Std error of the logistic growth curve intercept for OD720 ,PICO_Processed_MCGrowthFits.Rds,prochlorococcus_O2\Data\CleanData\CleanedMCData\PICO_Processed_MCGrowthFits.Rds,NA,NA,NA,NA
Merge_MCGrowthData.Rmd,Processes and combines all .Rds from Data\ProcessedData\ProcessedMCData folder.,Merge_MCGrowthData.Rmd,OD720_Lmu_corr,h-1,"This is the corrected calculated growth estimate for OD720. A growth estimate of 0 is assigned if the logistic growth curve returned a 'NA' for 'OD720_Lmu_raw', otherwise 'OD720_Lmu_corr' = 'OD720_Lmu_raw'",PICO_Processed_MCGrowthFits.Rds,prochlorococcus_O2\Data\CleanData\CleanedMCData\PICO_Processed_MCGrowthFits.Rds,NA,NA,NA,NA
Merge_MCGrowthData.Rmd,Processes and combines all .Rds from Data\ProcessedData\ProcessedMCData folder.,Merge_MCGrowthData.Rmd,GrowthAmpOD720Flag_14days,NA,Flags 1 if the absolute growth amplitude is greater than the amplitude set for 'OD720GrowthAmpFlagValue' and designates as 'growth'. If the absolute growth amplitude is less than the amplitude set for 'OD720GrowthAmpFlagValue' a flag of 0 means 'no growth' and 'OD720_Lmu_corr' is assigned to 0.,PICO_Processed_MCGrowthFits.Rds,prochlorococcus_O2\Data\CleanData\CleanedMCData\PICO_Processed_MCGrowthFits.Rds,NA,NA,NA,NA
Merge_MCGrowthData.Rmd,Processes and combines all .Rds from Data\ProcessedData\ProcessedMCData folder.,Merge_MCGrowthData.Rmd,OD720_LseGrowthFlag,NA,Flags 1 if the std error of the logistic growth curve is less than the fraction of mu defined in 'GrowthFlagError' for OD720. Flags 0 if the std error is greater than the fraction of mu defined in 'GrowthFlagError'.,PICO_Processed_MCGrowthFits.Rds,prochlorococcus_O2\Data\CleanData\CleanedMCData\PICO_Processed_MCGrowthFits.Rds,NA,NA,NA,NA
Merge_MCGrowthData.Rmd,Processes and combines all .Rds from Data\ProcessedData\ProcessedMCData folder.,Process_MCData.Rmd,OD720_logistic_predict,NA,Nest which contains the predicted optical density and residuals of the logistic growth curve for OD720,PICO_Processed_MCGrowthFits.Rds,prochlorococcus_O2\Data\CleanData\CleanedMCData\PICO_Processed_MCGrowthFits.Rds,NA,NA,NA,NA
Merge_MCGrowthData.Rmd,Processes and combines all .Rds from Data\ProcessedData\ProcessedMCData folder.,Merge_MCGrowthData.Rmd,deltaOD_Lmax,NA,Logistic growth curve maximum deltaOD,PICO_Processed_MCGrowthFits.Rds,prochlorococcus_O2\Data\CleanData\CleanedMCData\PICO_Processed_MCGrowthFits.Rds,NA,NA,NA,NA
Merge_MCGrowthData.Rmd,Processes and combines all .Rds from Data\ProcessedData\ProcessedMCData folder.,Merge_MCGrowthData.Rmd,deltaOD_Lmax_se,NA,Std error of the logistic growth curve maximum deltaOD ,PICO_Processed_MCGrowthFits.Rds,prochlorococcus_O2\Data\CleanData\CleanedMCData\PICO_Processed_MCGrowthFits.Rds,NA,NA,NA,NA
Merge_MCGrowthData.Rmd,Processes and combines all .Rds from Data\ProcessedData\ProcessedMCData folder.,Merge_MCGrowthData.Rmd,deltaOD_Lmu_raw,h-1,Calculated growth estimate for deltaOD ,PICO_Processed_MCGrowthFits.Rds,prochlorococcus_O2\Data\CleanData\CleanedMCData\PICO_Processed_MCGrowthFits.Rds,NA,NA,NA,NA
Merge_MCGrowthData.Rmd,Processes and combines all .Rds from Data\ProcessedData\ProcessedMCData folder.,Merge_MCGrowthData.Rmd,deltaOD_Lmu_se,NA,Std error for the calculated growth estimate for deltaOD,PICO_Processed_MCGrowthFits.Rds,prochlorococcus_O2\Data\CleanData\CleanedMCData\PICO_Processed_MCGrowthFits.Rds,NA,NA,NA,NA
Merge_MCGrowthData.Rmd,Processes and combines all .Rds from Data\ProcessedData\ProcessedMCData folder.,Merge_MCGrowthData.Rmd,deltaOD_Lintercept,NA,Logistic growth curve intercept for deltaOD,PICO_Processed_MCGrowthFits.Rds,prochlorococcus_O2\Data\CleanData\CleanedMCData\PICO_Processed_MCGrowthFits.Rds,NA,NA,NA,NA
Merge_MCGrowthData.Rmd,Processes and combines all .Rds from Data\ProcessedData\ProcessedMCData folder.,Merge_MCGrowthData.Rmd,deltaOD_Lintercept_se,NA,Std error of the logistic growth curve intercept for deltaOD ,PICO_Processed_MCGrowthFits.Rds,prochlorococcus_O2\Data\CleanData\CleanedMCData\PICO_Processed_MCGrowthFits.Rds,NA,NA,NA,NA
Merge_MCGrowthData.Rmd,Processes and combines all .Rds from Data\ProcessedData\ProcessedMCData folder.,Merge_MCGrowthData.Rmd,deltaOD_Lmu_corr,h-1,"This is the corrected calculated growth estimate for deltaOD. A growth estimate of 0 is assigned if the logistic growth curve returned a 'NA' for 'deltaOD_Lmu_raw', otherwise 'deltaOD_Lmu_corr' = 'deltaOD_Lmu_raw'",PICO_Processed_MCGrowthFits.Rds,prochlorococcus_O2\Data\CleanData\CleanedMCData\PICO_Processed_MCGrowthFits.Rds,NA,NA,NA,NA
Merge_MCGrowthData.Rmd,Processes and combines all .Rds from Data\ProcessedData\ProcessedMCData folder.,Merge_MCGrowthData.Rmd,GrowthAmpdeltaODFlag_14days,NA,Flags 1 if the absolute growth amplitude is greater than the amplitude set for 'deltaODGrowthAmpFlagValue' and designates as 'growth'. If the absolute growth amplitude is less than the amplitude set for 'deltaODGrowthAmpFlagValue' a flag of 0 means 'no growth' and 'deltaOD_Lmu_corr' is assigned to 0.,PICO_Processed_MCGrowthFits.Rds,prochlorococcus_O2\Data\CleanData\CleanedMCData\PICO_Processed_MCGrowthFits.Rds,NA,NA,NA,NA
Merge_MCGrowthData.Rmd,Processes and combines all .Rds from Data\ProcessedData\ProcessedMCData folder.,Merge_MCGrowthData.Rmd,deltaOD_LseGrowthFlag,NA,Flags 1 if the std error of the logistic growth curve is less than the fraction of mu defined in 'GrowthFlagError' for deltaOD. Flags 0 if the std error is greater than the fraction of mu defined in 'GrowthFlagError'.,PICO_Processed_MCGrowthFits.Rds,prochlorococcus_O2\Data\CleanData\CleanedMCData\PICO_Processed_MCGrowthFits.Rds,NA,NA,NA,NA
Merge_MCGrowthData.Rmd,Processes and combines all .Rds from Data\ProcessedData\ProcessedMCData folder.,Process_MCData.Rmd,deltaOD_logistic_predict,NA,Nest which contains the predicted optical density and residuals of the logistic growth curve for deltaOD,PICO_Processed_MCGrowthFits.Rds,prochlorococcus_O2\Data\CleanData\CleanedMCData\PICO_Processed_MCGrowthFits.Rds,NA,NA,NA,NA
Merge_MCGrowthData.Rmd,Processes and combines all .Rds from Data\ProcessedData\ProcessedMCData folder.,Merge_MCGrowthData.Rmd,OD720trunc_Lmax,NA,Logistic growth curve maximum OD720 for truncated Multicultivator run,PICO_Processed_MCGrowthFits.Rds,prochlorococcus_O2\Data\CleanData\CleanedMCData\PICO_Processed_MCGrowthFits.Rds,NA,NA,NA,NA
Merge_MCGrowthData.Rmd,Processes and combines all .Rds from Data\ProcessedData\ProcessedMCData folder.,Merge_MCGrowthData.Rmd,OD720trunc_Lmax_se,NA,Std error of the logistic growth curve maximum OD720 for truncated Multicultivator run ,PICO_Processed_MCGrowthFits.Rds,prochlorococcus_O2\Data\CleanData\CleanedMCData\PICO_Processed_MCGrowthFits.Rds,NA,NA,NA,NA
Merge_MCGrowthData.Rmd,Processes and combines all .Rds from Data\ProcessedData\ProcessedMCData folder.,Merge_MCGrowthData.Rmd,OD720trunc_Lmu_raw,h-1,Calculated growth estimate for OD720 for truncated Multicultivator run ,PICO_Processed_MCGrowthFits.Rds,prochlorococcus_O2\Data\CleanData\CleanedMCData\PICO_Processed_MCGrowthFits.Rds,NA,NA,NA,NA
Merge_MCGrowthData.Rmd,Processes and combines all .Rds from Data\ProcessedData\ProcessedMCData folder.,Merge_MCGrowthData.Rmd,OD720trunc_Lmu_se,NA,Std error for the calculated growth estimate for OD720 for truncated Multicultivator run,PICO_Processed_MCGrowthFits.Rds,prochlorococcus_O2\Data\CleanData\CleanedMCData\PICO_Processed_MCGrowthFits.Rds,NA,NA,NA,NA
Merge_MCGrowthData.Rmd,Processes and combines all .Rds from Data\ProcessedData\ProcessedMCData folder.,Merge_MCGrowthData.Rmd,OD720trunc_Lintercept,NA,Logistic growth curve intercept for OD720 for truncated Multicultivator run,PICO_Processed_MCGrowthFits.Rds,prochlorococcus_O2\Data\CleanData\CleanedMCData\PICO_Processed_MCGrowthFits.Rds,NA,NA,NA,NA
Merge_MCGrowthData.Rmd,Processes and combines all .Rds from Data\ProcessedData\ProcessedMCData folder.,Merge_MCGrowthData.Rmd,OD720trunc_Lintercept_se,NA,Std error of the logistic growth curve intercept for OD720 for truncated Multicultivator run ,PICO_Processed_MCGrowthFits.Rds,prochlorococcus_O2\Data\CleanData\CleanedMCData\PICO_Processed_MCGrowthFits.Rds,NA,NA,NA,NA
Merge_MCGrowthData.Rmd,Processes and combines all .Rds from Data\ProcessedData\ProcessedMCData folder.,Merge_MCGrowthData.Rmd,OD720trunc_Lmu_corr,h-1,"This is the corrected calculated growth estimate for OD720 for truncated Multicultivator run. A growth estimate of 0 is assigned if the logistic growth curve returned a 'NA' for 'OD720 for truncated Multicultivator run_Lmu_raw', otherwise 'OD720 for truncated Multicultivator run_Lmu_corr' = 'OD720 for truncated Multicultivator run_Lmu_raw'",PICO_Processed_MCGrowthFits.Rds,prochlorococcus_O2\Data\CleanData\CleanedMCData\PICO_Processed_MCGrowthFits.Rds,NA,NA,NA,NA
Merge_MCGrowthData.Rmd,Processes and combines all .Rds from Data\ProcessedData\ProcessedMCData folder.,Merge_MCGrowthData.Rmd,OD720trunc_LseGrowthFlag,NA,Flags 1 if the std error of the logistic growth curve is less than the fraction of mu defined in 'GrowthFlagError' for OD720 of truncated runs. Flags 0 if the std error is greater than the fraction of mu defined in 'GrowthFlagError'.,PICO_Processed_MCGrowthFits.Rds,prochlorococcus_O2\Data\CleanData\CleanedMCData\PICO_Processed_MCGrowthFits.Rds,NA,NA,NA,NA
Merge_MCGrowthData.Rmd,Processes and combines all .Rds from Data\ProcessedData\ProcessedMCData folder.,Process_MCData.Rmd,OD720trunc_logistic_predict,NA,Nest which contains the predicted optical density and residuals of the logistic growth curve for OD720 of a truncated Multicultivator run,PICO_Processed_MCGrowthFits.Rds,prochlorococcus_O2\Data\CleanData\CleanedMCData\PICO_Processed_MCGrowthFits.Rds,NA,NA,NA,NA
Merge_MCGrowthData.Rmd,Processes and combines all .Rds from Data\ProcessedData\ProcessedMCData folder.,Merge_MCGrowthData.Rmd,deltaODtrunc_Lmax,NA,Logistic growth curve maximum deltaOD for truncated Multicultivator run,PICO_Processed_MCGrowthFits.Rds,prochlorococcus_O2\Data\CleanData\CleanedMCData\PICO_Processed_MCGrowthFits.Rds,NA,NA,NA,NA
Merge_MCGrowthData.Rmd,Processes and combines all .Rds from Data\ProcessedData\ProcessedMCData folder.,Merge_MCGrowthData.Rmd,deltaODtrunc_Lmax_se,NA,Std error of the logistic growth curve maximum deltaOD for truncated Multicultivator run ,PICO_Processed_MCGrowthFits.Rds,prochlorococcus_O2\Data\CleanData\CleanedMCData\PICO_Processed_MCGrowthFits.Rds,NA,NA,NA,NA
Merge_MCGrowthData.Rmd,Processes and combines all .Rds from Data\ProcessedData\ProcessedMCData folder.,Merge_MCGrowthData.Rmd,deltaODtrunc_Lmu_raw,h-1,Calculated growth estimate for deltaOD for truncated Multicultivator run ,PICO_Processed_MCGrowthFits.Rds,prochlorococcus_O2\Data\CleanData\CleanedMCData\PICO_Processed_MCGrowthFits.Rds,NA,NA,NA,NA
Merge_MCGrowthData.Rmd,Processes and combines all .Rds from Data\ProcessedData\ProcessedMCData folder.,Merge_MCGrowthData.Rmd,deltaODtrunc_Lmu_se,NA,Std error for the calculated growth estimate for deltaOD for truncated Multicultivator run,PICO_Processed_MCGrowthFits.Rds,prochlorococcus_O2\Data\CleanData\CleanedMCData\PICO_Processed_MCGrowthFits.Rds,NA,NA,NA,NA
Merge_MCGrowthData.Rmd,Processes and combines all .Rds from Data\ProcessedData\ProcessedMCData folder.,Merge_MCGrowthData.Rmd,deltaODtrunc_Lintercept,NA,Logistic growth curve intercept for deltaOD for truncated Multicultivator run,PICO_Processed_MCGrowthFits.Rds,prochlorococcus_O2\Data\CleanData\CleanedMCData\PICO_Processed_MCGrowthFits.Rds,NA,NA,NA,NA
Merge_MCGrowthData.Rmd,Processes and combines all .Rds from Data\ProcessedData\ProcessedMCData folder.,Merge_MCGrowthData.Rmd,deltaODtrunc_Lintercept_se,NA,Std error of the logistic growth curve intercept for deltaOD for truncated Multicultivator run ,PICO_Processed_MCGrowthFits.Rds,prochlorococcus_O2\Data\CleanData\CleanedMCData\PICO_Processed_MCGrowthFits.Rds,NA,NA,NA,NA
Merge_MCGrowthData.Rmd,Processes and combines all .Rds from Data\ProcessedData\ProcessedMCData folder.,Merge_MCGrowthData.Rmd,deltaODtrunc_Lmu_corr,h-1,"This is the corrected calculated growth estimate for deltaOD for truncated Multicultivator run. A growth estimate of 0 is assigned if the logistic growth curve returned a 'NA' for 'deltaOD for truncated Multicultivator run_Lmu_raw', otherwise 'deltaOD for truncated Multicultivator run_Lmu_corr' = 'deltaOD for truncated Multicultivator run_Lmu_raw'",PICO_Processed_MCGrowthFits.Rds,prochlorococcus_O2\Data\CleanData\CleanedMCData\PICO_Processed_MCGrowthFits.Rds,NA,NA,NA,NA
Merge_MCGrowthData.Rmd,Processes and combines all .Rds from Data\ProcessedData\ProcessedMCData folder.,Merge_MCGrowthData.Rmd,deltaODtrunc_LseGrowthFlag,NA,Flags 1 if the std error of the logistic growth curve is less than the fraction of mu defined in 'GrowthFlagError' for deltaOD of truncated runs. Flags 0 if the std error is greater than the fraction of mu defined in 'GrowthFlagError'.,PICO_Processed_MCGrowthFits.Rds,prochlorococcus_O2\Data\CleanData\CleanedMCData\PICO_Processed_MCGrowthFits.Rds,NA,NA,NA,NA
Merge_MCGrowthData.Rmd,Processes and combines all .Rds from Data\ProcessedData\ProcessedMCData folder.,Process_MCData.Rmd,deltaODtrunc_logistic_predict,NA,Nest which contains the predicted optical density and residuals of the logistic growth curve for deltaOD of a truncated Multicultivator run,PICO_Processed_MCGrowthFits.Rds,prochlorococcus_O2\Data\CleanData\CleanedMCData\PICO_Processed_MCGrowthFits.Rds,NA,NA,NA,NA
Merge_MCGrowthData.Rmd,Processes and combines all .Rds from Data\ProcessedData\ProcessedMCData folder.,Merge_MCGrowthData.Rmd,O2_uM,uM,uM concentration of dissolved oxygen based on 'O2_Category'. 2.5 uM is mid point of 'Low' range 0.5 - 5 uM. 25 uM is mid point of 'Intermediate' range 5 - 50 uM and 250 uM is the concentration under 'High' oxygen.,PICO_Processed_MCGrowthFits.Rds,prochlorococcus_O2\Data\CleanData\CleanedMCData\PICO_Processed_MCGrowthFits.Rds,NA,NA,NA,NA
Merge_MCGrowthData.Rmd,Processes and combines all .Rds from Data\ProcessedData\ProcessedMCData folder.,Merge_MCGrowthData.Rmd,ReplicateMean_deltaOD_Lmu_corr,h-1,The mean growth estimate for all 'deltaOD_Lmu_corr'  grown under the same conditions (replicates).,PICO_Processed_MCGrowthFits.Rds,prochlorococcus_O2\Data\CleanData\CleanedMCData\PICO_Processed_MCGrowthFits.Rds,NA,NA,NA,NA
Merge_MCGrowthData.Rmd,Processes and combines all .Rds from Data\ProcessedData\ProcessedMCData folder.,Merge_MCGrowthData.Rmd,ReplicateSD_deltaOD_Lmu_corr,NA,The standard deviation of the mean growth estimate for all 'deltaOD_Lmu_corr'  grown under the same conditions (replicates).,PICO_Processed_MCGrowthFits.Rds,prochlorococcus_O2\Data\CleanData\CleanedMCData\PICO_Processed_MCGrowthFits.Rds,NA,NA,NA,NA
Merge_MCGrowthData.Rmd,Processes and combines all .Rds from Data\ProcessedData\ProcessedMCData folder.,Merge_MCGrowthData.Rmd,ReplicateSE_deltaOD_Lmu_corr,NA,The standard error of the mean growth estimate for all 'deltaOD_Lmu_corr'  grown under the same conditions (replicates).,PICO_Processed_MCGrowthFits.Rds,prochlorococcus_O2\Data\CleanData\CleanedMCData\PICO_Processed_MCGrowthFits.Rds,NA,NA,NA,NA
Merge_MCGrowthData.Rmd,Processes and combines all .Rds from Data\ProcessedData\ProcessedMCData folder.,Merge_MCGrowthData.Rmd,ReplicateMean_deltaOD_Lmu_corr_day,d-1,The mean growth estimate per day for all 'deltaOD_Lmu_corr'  grown under the same conditions (replicates).,PICO_Processed_MCGrowthFits.Rds,prochlorococcus_O2\Data\CleanData\CleanedMCData\PICO_Processed_MCGrowthFits.Rds,NA,NA,NA,NA
Merge_MCGrowthData.Rmd,Processes and combines all .Rds from Data\ProcessedData\ProcessedMCData folder.,Merge_MCGrowthData.Rmd,ReplicateSE_deltaOD_Lmu_corr_day,NA,The standard error of the mean growth estimate per day for all 'deltaOD_Lmu_corr'  grown under the same conditions (replicates).,PICO_Processed_MCGrowthFits.Rds,prochlorococcus_O2\Data\CleanData\CleanedMCData\PICO_Processed_MCGrowthFits.Rds,NA,NA,NA,NA
,,,,,,,,NA,NA,NA,NA
Process_OlisJazEmData.Rmd,Processes and combines PICO_Imported_JazEmData.Rds from Data\ImportedData\ImportedJazEmData folder and PICO_Imported_OlisData.Rds from Data\ImportedData\ImportedOlisData folder,Import_MetaData.Rmd,SampleID,NA,Sample ID (taken from MultiCultiCatalog),PICO_Processed_OlisJazMetaPUR.Rds,prochlorococcus_O2\Data\ProcessedData\ProcessedOlisJazData\PICO_Processed_OlisJazMetaPUR.Rds,NA,NA,NA,NA
Process_OlisJazEmData.Rmd,Processes and combines PICO_Imported_JazEmData.Rds from Data\ImportedData\ImportedJazEmData folder and PICO_Imported_OlisData.Rds from Data\ImportedData\ImportedOlisData folder,Import_MetaData.Rmd,Run,NA,Multicultivator run number (taken from MultiCultiCatalog),PICO_Processed_OlisJazMetaPUR.Rds,prochlorococcus_O2\Data\ProcessedData\ProcessedOlisJazData\PICO_Processed_OlisJazMetaPUR.Rds,NA,NA,NA,NA
Process_OlisJazEmData.Rmd,Processes and combines PICO_Imported_JazEmData.Rds from Data\ImportedData\ImportedJazEmData folder and PICO_Imported_OlisData.Rds from Data\ImportedData\ImportedOlisData folder,Import_MetaData.Rmd,Strain,NA,Name of tested strain (taken from MultiCultiCatalog),PICO_Processed_OlisJazMetaPUR.Rds,prochlorococcus_O2\Data\ProcessedData\ProcessedOlisJazData\PICO_Processed_OlisJazMetaPUR.Rds,NA,NA,NA,NA
Process_OlisJazEmData.Rmd,Processes and combines PICO_Imported_JazEmData.Rds from Data\ImportedData\ImportedJazEmData folder and PICO_Imported_OlisData.Rds from Data\ImportedData\ImportedOlisData folder,Import_MetaData.Rmd,ExpDate,ymd,Date experiment started (taken from MultiCultiCatalog),PICO_Processed_OlisJazMetaPUR.Rds,prochlorococcus_O2\Data\ProcessedData\ProcessedOlisJazData\PICO_Processed_OlisJazMetaPUR.Rds,NA,NA,NA,NA
Process_OlisJazEmData.Rmd,Processes and combines PICO_Imported_JazEmData.Rds from Data\ImportedData\ImportedJazEmData folder and PICO_Imported_OlisData.Rds from Data\ImportedData\ImportedOlisData folder,Import_MetaData.Rmd,Par_ue,mol photons m-2 s-1,Set actinic light level used in Multicultivator (taken from MultiCultiCatalog),PICO_Processed_OlisJazMetaPUR.Rds,prochlorococcus_O2\Data\ProcessedData\ProcessedOlisJazData\PICO_Processed_OlisJazMetaPUR.Rds,NA,NA,NA,NA
Process_OlisJazEmData.Rmd,Processes and combines PICO_Imported_JazEmData.Rds from Data\ImportedData\ImportedJazEmData folder and PICO_Imported_OlisData.Rds from Data\ImportedData\ImportedOlisData folder,Import_MetaData.Rmd,Photoperiod,h,Set Multicultivator  photoperiod hours (taken from MultiCultiCatalog),PICO_Processed_OlisJazMetaPUR.Rds,prochlorococcus_O2\Data\ProcessedData\ProcessedOlisJazData\PICO_Processed_OlisJazMetaPUR.Rds,NA,NA,NA,NA
Process_OlisJazEmData.Rmd,Processes and combines PICO_Imported_JazEmData.Rds from Data\ImportedData\ImportedJazEmData folder and PICO_Imported_OlisData.Rds from Data\ImportedData\ImportedOlisData folder,Import_MetaData.Rmd,MC,NA,Multicultivator identification (taken from MultiCultiCatalog),PICO_Processed_OlisJazMetaPUR.Rds,prochlorococcus_O2\Data\ProcessedData\ProcessedOlisJazData\PICO_Processed_OlisJazMetaPUR.Rds,NA,NA,NA,NA
Process_OlisJazEmData.Rmd,Processes and combines PICO_Imported_JazEmData.Rds from Data\ImportedData\ImportedJazEmData folder and PICO_Imported_OlisData.Rds from Data\ImportedData\ImportedOlisData folder,Import_MetaData.Rmd,Tube,NA,Multicultivator tube number 1-8 (taken from MultiCultiCatalog),PICO_Processed_OlisJazMetaPUR.Rds,prochlorococcus_O2\Data\ProcessedData\ProcessedOlisJazData\PICO_Processed_OlisJazMetaPUR.Rds,NA,NA,NA,NA
Process_OlisJazEmData.Rmd,Processes and combines PICO_Imported_JazEmData.Rds from Data\ImportedData\ImportedJazEmData folder and PICO_Imported_OlisData.Rds from Data\ImportedData\ImportedOlisData folder,Import_MetaData.Rmd,O2,NA,"% Oxygen level in gas mixture (21, 2 or 0) (taken from MultiCultiCatalog)",PICO_Processed_OlisJazMetaPUR.Rds,prochlorococcus_O2\Data\ProcessedData\ProcessedOlisJazData\PICO_Processed_OlisJazMetaPUR.Rds,NA,NA,NA,NA
Process_OlisJazEmData.Rmd,Processes and combines PICO_Imported_JazEmData.Rds from Data\ImportedData\ImportedJazEmData folder and PICO_Imported_OlisData.Rds from Data\ImportedData\ImportedOlisData folder,Import_MetaData.Rmd,WL,nm,Set Multicultivator spectral waveband  (taken from MultiCultiCatalog),PICO_Processed_OlisJazMetaPUR.Rds,prochlorococcus_O2\Data\ProcessedData\ProcessedOlisJazData\PICO_Processed_OlisJazMetaPUR.Rds,NA,NA,NA,NA
Process_OlisJazEmData.Rmd,Processes and combines PICO_Imported_JazEmData.Rds from Data\ImportedData\ImportedJazEmData folder and PICO_Imported_OlisData.Rds from Data\ImportedData\ImportedOlisData folder,Import_MetaData.Rmd,LightShape,NA,Set type of Multicultivator photoperiod delivered (sine or square) (taken from MultiCultiCatalog),PICO_Processed_OlisJazMetaPUR.Rds,prochlorococcus_O2\Data\ProcessedData\ProcessedOlisJazData\PICO_Processed_OlisJazMetaPUR.Rds,NA,NA,NA,NA
Process_OlisJazEmData.Rmd,Processes and combines PICO_Imported_JazEmData.Rds from Data\ImportedData\ImportedJazEmData folder and PICO_Imported_OlisData.Rds from Data\ImportedData\ImportedOlisData folder,Import_MCData.Rmd,ExpEndDate,ymd_hms,Date experiment ended (taken from MultiCultiCatalog),PICO_Processed_OlisJazMetaPUR.Rds,prochlorococcus_O2\Data\ProcessedData\ProcessedOlisJazData\PICO_Processed_OlisJazMetaPUR.Rds,NA,NA,NA,NA
Process_OlisJazEmData.Rmd,Processes and combines PICO_Imported_JazEmData.Rds from Data\ImportedData\ImportedJazEmData folder and PICO_Imported_OlisData.Rds from Data\ImportedData\ImportedOlisData folder,Import_MCData.Rmd,PARPhotonDose_day,mol photons m-2 d-1,Calculated PAR photon dose per day,PICO_Processed_OlisJazMetaPUR.Rds,prochlorococcus_O2\Data\ProcessedData\ProcessedOlisJazData\PICO_Processed_OlisJazMetaPUR.Rds,NA,NA,NA,NA
Process_OlisJazEmData.Rmd,Processes and combines PICO_Imported_JazEmData.Rds from Data\ImportedData\ImportedJazEmData folder and PICO_Imported_OlisData.Rds from Data\ImportedData\ImportedOlisData folder,Import_OlisData.Rmd,ObsDate,ymd,Date of Olis measurements (taken from filename),PICO_Processed_OlisJazMetaPUR.Rds,prochlorococcus_O2\Data\ProcessedData\ProcessedOlisJazData\PICO_Processed_OlisJazMetaPUR.Rds,NA,NA,NA,NA
Process_OlisJazEmData.Rmd,Processes and combines PICO_Imported_JazEmData.Rds from Data\ImportedData\ImportedJazEmData folder and PICO_Imported_OlisData.Rds from Data\ImportedData\ImportedOlisData folder,Import_OlisData.Rmd,FilenameOlis,NA,Olis whole cell spectra filename,PICO_Processed_OlisJazMetaPUR.Rds,prochlorococcus_O2\Data\ProcessedData\ProcessedOlisJazData\PICO_Processed_OlisJazMetaPUR.Rds,NA,NA,NA,NA
Process_OlisJazEmData.Rmd,Processes and combines PICO_Imported_JazEmData.Rds from Data\ImportedData\ImportedJazEmData folder and PICO_Imported_OlisData.Rds from Data\ImportedData\ImportedOlisData folder,Import_JazEmData.Rmd,Emission,dimensionless,Multicultivator emission radiation counts at a given wavelength ,PICO_Processed_OlisJazMetaPUR.Rds,prochlorococcus_O2\Data\ProcessedData\ProcessedOlisJazData\PICO_Processed_OlisJazMetaPUR.Rds,NA,NA,NA,NA
Process_OlisJazEmData.Rmd,Processes and combines PICO_Imported_JazEmData.Rds from Data\ImportedData\ImportedJazEmData folder and PICO_Imported_OlisData.Rds from Data\ImportedData\ImportedOlisData folder,Process_OlisJazEmData.Rmd,MC_NormEm,dimensionless,Multicultivator emission radiation counts at a given wavelength normalized dynamically to emission maxima,,prochlorococcus_O2\Data\ProcessedData\ProcessedOlisJazData\PICO_Processed_OlisJazMetaPUR.Rds,NA,NA,NA,NA
Process_OlisJazEmData.Rmd,Processes and combines PICO_Imported_JazEmData.Rds from Data\ImportedData\ImportedJazEmData folder and PICO_Imported_OlisData.Rds from Data\ImportedData\ImportedOlisData folder,Process_OlisJazEmData.Rmd,MCEm_nm,nm,Wavelength at measured emission of Multicultivator,PICO_Processed_OlisJazMetaPUR.Rds,prochlorococcus_O2\Data\ProcessedData\ProcessedOlisJazData\PICO_Processed_OlisJazMetaPUR.Rds,NA,NA,NA,NA
Process_OlisJazEmData.Rmd,Processes and combines PICO_Imported_JazEmData.Rds from Data\ImportedData\ImportedJazEmData folder and PICO_Imported_OlisData.Rds from Data\ImportedData\ImportedOlisData folder,Import_OlisData.Rmd,E_days,d,Number of days after the start of Multicultivator run when Olis measurements were taken.,PICO_Processed_OlisJazMetaPUR.Rds,prochlorococcus_O2\Data\ProcessedData\ProcessedOlisJazData\PICO_Processed_OlisJazMetaPUR.Rds,NA,NA,NA,NA
Process_OlisJazEmData.Rmd,Processes and combines PICO_Imported_JazEmData.Rds from Data\ImportedData\ImportedJazEmData folder and PICO_Imported_OlisData.Rds from Data\ImportedData\ImportedOlisData folder,Import_OlisData.Rmd,OlisAbs_nm,nm,Wavelength at measured whole cell absorbance,PICO_Processed_OlisJazMetaPUR.Rds,prochlorococcus_O2\Data\ProcessedData\ProcessedOlisJazData\PICO_Processed_OlisJazMetaPUR.Rds,NA,NA,NA,NA
Process_OlisJazEmData.Rmd,Processes and combines PICO_Imported_JazEmData.Rds from Data\ImportedData\ImportedJazEmData folder and PICO_Imported_OlisData.Rds from Data\ImportedData\ImportedOlisData folder,Import_OlisData.Rmd,Absorbance,dimensionless,Measured Olis whole cell absorbance,PICO_Processed_OlisJazMetaPUR.Rds,prochlorococcus_O2\Data\ProcessedData\ProcessedOlisJazData\PICO_Processed_OlisJazMetaPUR.Rds,NA,NA,NA,NA
Process_OlisJazEmData.Rmd,Processes and combines PICO_Imported_JazEmData.Rds from Data\ImportedData\ImportedJazEmData folder and PICO_Imported_OlisData.Rds from Data\ImportedData\ImportedOlisData folder,Process_OlisJazEmData.Rmd,RedMaxima_nm,nm,"Wavelength at max absorbance in red region (625 to 750 nm), wavelength at which maximum absorbance was used for normalization.",PICO_Processed_OlisJazMetaPUR.Rds,prochlorococcus_O2\Data\ProcessedData\ProcessedOlisJazData\PICO_Processed_OlisJazMetaPUR.Rds,NA,NA,NA,NA
Process_OlisJazEmData.Rmd,Processes and combines PICO_Imported_JazEmData.Rds from Data\ImportedData\ImportedJazEmData folder and PICO_Imported_OlisData.Rds from Data\ImportedData\ImportedOlisData folder,Process_OlisJazEmData.Rmd,MaxAbs_Red,dimensionless,Max whole cell absorbance in red region (625 to 750 nm) used for normalization.,PICO_Processed_OlisJazMetaPUR.Rds,prochlorococcus_O2\Data\ProcessedData\ProcessedOlisJazData\PICO_Processed_OlisJazMetaPUR.Rds,NA,NA,NA,NA
Process_OlisJazEmData.Rmd,Processes and combines PICO_Imported_JazEmData.Rds from Data\ImportedData\ImportedJazEmData folder and PICO_Imported_OlisData.Rds from Data\ImportedData\ImportedOlisData folder,Process_OlisJazEmData.Rmd,BlueMaxima_nm,nm,"Wavelength at max absorbance in blue region (400 to 460 nm), wavelength at which maximum absorbance was used for normalization.",PICO_Processed_OlisJazMetaPUR.Rds,prochlorococcus_O2\Data\ProcessedData\ProcessedOlisJazData\PICO_Processed_OlisJazMetaPUR.Rds,NA,NA,NA,NA
Process_OlisJazEmData.Rmd,Processes and combines PICO_Imported_JazEmData.Rds from Data\ImportedData\ImportedJazEmData folder and PICO_Imported_OlisData.Rds from Data\ImportedData\ImportedOlisData folder,Process_OlisJazEmData.Rmd,MaxAbs_Blue,dimensionless,Max whole cell absorbance in blue region (400 to 460 nm) used for normalization.,PICO_Processed_OlisJazMetaPUR.Rds,prochlorococcus_O2\Data\ProcessedData\ProcessedOlisJazData\PICO_Processed_OlisJazMetaPUR.Rds,NA,NA,NA,NA
Process_OlisJazEmData.Rmd,Processes and combines PICO_Imported_JazEmData.Rds from Data\ImportedData\ImportedJazEmData folder and PICO_Imported_OlisData.Rds from Data\ImportedData\ImportedOlisData folder,Process_OlisJazEmData.Rmd,AbsNorm440,dimensionless,"Normalized absorbance using 'MaxAbs_Blue', the maximum absorbance in 440 nm range ",PICO_Processed_OlisJazMetaPUR.Rds,prochlorococcus_O2\Data\ProcessedData\ProcessedOlisJazData\PICO_Processed_OlisJazMetaPUR.Rds,NA,NA,NA,NA
Process_OlisJazEmData.Rmd,Processes and combines PICO_Imported_JazEmData.Rds from Data\ImportedData\ImportedJazEmData folder and PICO_Imported_OlisData.Rds from Data\ImportedData\ImportedOlisData folder,Process_OlisJazEmData.Rmd,AbsNorm675,dimensionless,"Normalized absorbance using 'MaxAbs_Red', the maximum absorbance in 675 nm range ",PICO_Processed_OlisJazMetaPUR.Rds,prochlorococcus_O2\Data\ProcessedData\ProcessedOlisJazData\PICO_Processed_OlisJazMetaPUR.Rds,NA,NA,NA,NA
Process_OlisJazEmData.Rmd,Processes and combines PICO_Imported_JazEmData.Rds from Data\ImportedData\ImportedJazEmData folder and PICO_Imported_OlisData.Rds from Data\ImportedData\ImportedOlisData folder,Import_JazEmData.Rmd,EmMax_nm,nm,Wavelength (nm) at max emission count,PICO_Processed_OlisJazMetaPUR.Rds,prochlorococcus_O2\Data\ProcessedData\ProcessedOlisJazData\PICO_Processed_OlisJazMetaPUR.Rds,NA,NA,NA,NA
Process_OlisJazEmData.Rmd,Processes and combines PICO_Imported_JazEmData.Rds from Data\ImportedData\ImportedJazEmData folder and PICO_Imported_OlisData.Rds from Data\ImportedData\ImportedOlisData folder,Process_OlisJazEmData.Rmd,PURAbsWholeCell_Norm440,dimensionless,Normalized Photosynthetically Usable Radiation (PUR) absorbance spectrum calculated using a weighted normalized whole cell absorbance relative to Multicultivator emission taken from wavelength range 400-700 nm.,PICO_Processed_OlisJazMetaPUR.Rds,prochlorococcus_O2\Data\ProcessedData\ProcessedOlisJazData\PICO_Processed_OlisJazMetaPUR.Rds,NA,NA,NA,NA
Process_OlisJazEmData.Rmd,Processes and combines PICO_Imported_JazEmData.Rds from Data\ImportedData\ImportedJazEmData folder and PICO_Imported_OlisData.Rds from Data\ImportedData\ImportedOlisData folder,Process_OlisJazEmData.Rmd,SumPURAbsWholeCell_Norm440,dimensionless,Sum of 'PURAbsWholeCell_Norm440'. Calculated using the sum of weighted normalized whole cell absorbance relative to Multicultivator emission taken from wavelength range 400-700 nm.,PICO_Processed_OlisJazMetaPUR.Rds,prochlorococcus_O2\Data\ProcessedData\ProcessedOlisJazData\PICO_Processed_OlisJazMetaPUR.Rds,NA,NA,NA,NA
Process_OlisJazEmData.Rmd,Processes and combines PICO_Imported_JazEmData.Rds from Data\ImportedData\ImportedJazEmData folder and PICO_Imported_OlisData.Rds from Data\ImportedData\ImportedOlisData folder,Process_OlisJazEmData.Rmd,CalcPur_ue,mol photons m-2 s-1,Calculated PUR,PICO_Processed_OlisJazMetaPUR.Rds,prochlorococcus_O2\Data\ProcessedData\ProcessedOlisJazData\PICO_Processed_OlisJazMetaPUR.Rds,NA,NA,NA,NA
Process_OlisJazEmData.Rmd,Processes and combines PICO_Imported_JazEmData.Rds from Data\ImportedData\ImportedJazEmData folder and PICO_Imported_OlisData.Rds from Data\ImportedData\ImportedOlisData folder,Process_OlisJazEmData.Rmd,Pur_ue,mol photons m-2 s-1,Mean of calculated PUR specific to strain and wavelength ,PICO_Processed_OlisJazMetaPUR.Rds,prochlorococcus_O2\Data\ProcessedData\ProcessedOlisJazData\PICO_Processed_OlisJazMetaPUR.Rds,NA,NA,NA,NA
Process_OlisJazEmData.Rmd,Processes and combines PICO_Imported_JazEmData.Rds from Data\ImportedData\ImportedJazEmData folder and PICO_Imported_OlisData.Rds from Data\ImportedData\ImportedOlisData folder,Process_OlisJazEmData.Rmd,PurParRatio,NA,Strain and wavelength specific PUR/PAR ratio,PICO_Processed_OlisJazMetaPUR.Rds,prochlorococcus_O2\Data\ProcessedData\ProcessedOlisJazData\PICO_Processed_OlisJazMetaPUR.Rds,NA,NA,NA,NA
Process_OlisJazEmData.Rmd,Processes and combines PICO_Imported_JazEmData.Rds from Data\ImportedData\ImportedJazEmData folder and PICO_Imported_OlisData.Rds from Data\ImportedData\ImportedOlisData folder,Process_OlisJazEmData.Rmd,PURPhotonDose_day,mol photons m-2 d-1,Calculated PUR photon dose per day,PICO_Processed_OlisJazMetaPUR.Rds,prochlorococcus_O2\Data\ProcessedData\ProcessedOlisJazData\PICO_Processed_OlisJazMetaPUR.Rds,NA,NA,NA,NA
Process_OlisJazEmData.Rmd,Processes and combines PICO_Imported_JazEmData.Rds from Data\ImportedData\ImportedJazEmData folder and PICO_Imported_OlisData.Rds from Data\ImportedData\ImportedOlisData folder,Process_OlisJazEmData.Rmd,PURData,NA,Nest containing all whole cell absorbance spectra data and Multicultivator emission data,PICO_Processed_OlisJazMetaPUR.Rds,prochlorococcus_O2\Data\ProcessedData\ProcessedOlisJazData\PICO_Processed_OlisJazMetaPUR.Rds,NA,NA,NA,NA
,,,,,,,,,,,
Merge_GrowthPURData.Rmd,Combines growth estimates ('PICO_Processed_MCGrowthFits.Rds') with calculated PUR ('PICO_Processed_OlisJazMetaPUR.Rds') and assigns PUR values matching PAR and WL for each strain.,Process_OlisJazEmData.Rmd,PurParRatio,NA,Strain and wavelength specific PUR/PAR ratio,PICO_Processed_OlisJazMetaPUR.Rds,prochlorococcus_O2\Data\CleanData\PICO_Merged_GrowthFitsPURPAR.Rds,NA,NA,NA,NA
Merge_GrowthPURData.Rmd,Combines growth estimates ('PICO_Processed_MCGrowthFits.Rds') with calculated PUR ('PICO_Processed_OlisJazMetaPUR.Rds') and assigns PUR values matching PAR and WL for each strain.,Process_OlisJazEmData.Rmd,PURPhotonDose_day,mol photons m-2 d-1,Calculated PUR photon dose per day,PICO_Processed_OlisJazMetaPUR.Rds,prochlorococcus_O2\Data\CleanData\PICO_Merged_GrowthFitsPURPAR.Rds,NA,NA,NA,NA
,,,,,,,,,,,
Plots_Growth.Rmd,Generates figures from 'PICO_Merged_GrowthFitsPURPAR.Rds'  ,Plots_Growth.Rmd,deltaOD_Lmu_corr_day,d-1,The growth estimate for deltaOD per day.,PICO_Processed_OlisJazMetaPUR.Rds,prochlorococcus_O2\Output\Figures\,NA,NA,NA,NA
Plots_Growth.Rmd,Generates figures from 'PICO_Merged_GrowthFitsPURPAR.Rds'  ,Plots_Growth.Rmd,deltaOD_Lmu_se_day,NA,Std error for the growth estimate for deltaOD,,prochlorococcus_O2\Output\Figures\,NA,NA,NA,NA
Plots_Growth.Rmd,Generates figures from 'PICO_Merged_GrowthFitsPURPAR.Rds'  ,Plots_Growth.Rmd,MyWavelengths,nm,Project wavelengths used in the Multicultivator,,prochlorococcus_O2\Output\Figures\,NA,NA,NA,NA
Plots_Growth.Rmd,Generates figures from 'PICO_Merged_GrowthFitsPURPAR.Rds'  ,Plots_Growth.Rmd,MCMIXColours,NA,Colors assigned to the  Multicultivator wavelengths,,prochlorococcus_O2\Output\Figures\,NA,NA,NA,NA
,,,,,,,,,,,
Plots_PURFits.Rmd,Generates figures from 'PICO_Merged_GrowthFitsPURPAR.Rds'  ,Plots_PURFits.Rmd,deltaOD_Lmu_corr_day,d-1,The growth estimate for deltaOD per day.,,prochlorococcus_O2\Output\Figures\,NA,NA,NA,NA
Plots_PURFits.Rmd,Generates figures from 'PICO_Merged_GrowthFitsPURPAR.Rds'  ,Plots_PURFits.Rmd,MyPhotoperiods,h,Project photoperiods,,prochlorococcus_O2\Output\Figures\,NA,NA,NA,NA
Plots_PURFits.Rmd,Generates figures from 'PICO_Merged_GrowthFitsPURPAR.Rds'  ,Plots_PURFits.Rmd,PhotoperiodShapes,NA,Shapes assigned to the project photoperiods,,prochlorococcus_O2\Output\Figures\,NA,NA,NA,NA
Plots_PURFits.Rmd,Generates figures from 'PICO_Merged_GrowthFitsPURPAR.Rds'  ,Plots_PURFits.Rmd,Dummy_*,NA,Variable used to build a data frame with grath rate of 0 for dark conditions,,prochlorococcus_O2\Output\Figures\,NA,NA,NA,NA
Plots_PURFits.Rmd,Generates figures from 'PICO_Merged_GrowthFitsPURPAR.Rds'  ,Plots_PURFits.Rmd,I,umol photons m-2 s-1,"incident light, umol photons m-2 s-1",,prochlorococcus_O2\Output\Figures\,NA,NA,NA,NA
Plots_PURFits.Rmd,Generates figures from 'PICO_Merged_GrowthFitsPURPAR.Rds'  ,Plots_PURFits.Rmd,a,NA,"alpha, initial slope of light response curve under limiting light; the 'affinity' of the culture for light",,prochlorococcus_O2\Output\Figures\,NA,NA,NA,NA
Plots_PURFits.Rmd,Generates figures from 'PICO_Merged_GrowthFitsPURPAR.Rds'  ,Plots_PURFits.Rmd,Pmax,umol O2 chl-1 s-1,maximum rate of photosynthesis; umol O2 chl-1 s-1; the 'capacity' of the culture for photosynthesis,,prochlorococcus_O2\Output\Figures\,NA,NA,NA,NA
Plots_PURFits.Rmd,Generates figures from 'PICO_Merged_GrowthFitsPURPAR.Rds'  ,Plots_PURFits.Rmd,b,NA,beta 'photoinhibition' term for decline in oxygen evolution under increasing incident light,,prochlorococcus_O2\Output\Figures\,NA,NA,NA,NA
Plots_PURFits.Rmd,Generates figures from 'PICO_Merged_GrowthFitsPURPAR.Rds'  ,Plots_PURFits.Rmd,g,NA,gamma fitting term related to curvature of response,,prochlorococcus_O2\Output\Figures\,NA,NA,NA,NA
Plots_PURFits.Rmd,Generates figures from 'PICO_Merged_GrowthFitsPURPAR.Rds'  ,Plots_PURFits.Rmd,x,NA,linear equation x,,prochlorococcus_O2\Output\Figures\,NA,NA,NA,NA
Plots_PURFits.Rmd,Generates figures from 'PICO_Merged_GrowthFitsPURPAR.Rds'  ,Plots_PURFits.Rmd,M,NA,linear equation slope,,prochlorococcus_O2\Output\Figures\,NA,NA,NA,NA
Plots_PURFits.Rmd,Generates figures from 'PICO_Merged_GrowthFitsPURPAR.Rds'  ,Plots_PURFits.Rmd,Intercept,NA,linear equation intercept,,prochlorococcus_O2\Output\Figures\,NA,NA,NA,NA
Plots_PURFits.Rmd,Generates figures from 'PICO_Merged_GrowthFitsPURPAR.Rds'  ,Plots_PURFits.Rmd,PURPARStrainO2NestModels_filtered,NA,Object containing the Growth Response Curve using Platt and linear models for each strain and O2 condition  ,,prochlorococcus_O2\Output\Figures\,NA,NA,NA,NA
Plots_PURFits.Rmd,Generates figures from 'PICO_Merged_GrowthFitsPURPAR.Rds'  ,Plots_PURFits.Rmd,PURPARStrainO2PhotoNestModels,NA,"Object containing the Growth Response Curve using Platt and linear models for each strain, O2  and photoperiod condition  ",,prochlorococcus_O2\Output\Figures\,NA,NA,NA,NA
Plots_PURFits.Rmd,Generates figures from 'PICO_Merged_GrowthFitsPURPAR.Rds'  ,Plots_PURFits.Rmd,PURPARStrainO2WLNestModels,NA,"Object containing the Growth Response Curve using Platt and linear models for each strain, O2  and WL condition  ",,prochlorococcus_O2\Output\Figures\,NA,NA,NA,NA
Plots_PURFits.Rmd,Generates figures from 'PICO_Merged_GrowthFitsPURPAR.Rds'  ,Plots_PURFits.Rmd,,NA,,,prochlorococcus_O2\Output\Figures\,NA,NA,NA,NA
